// images.h
// contains image buffers for simple space invaders
// Jonathan Valvano, March 5, 2018
// Capture image dimensions from BMP files

#ifndef __images_h
#define __images_h
#include <stdint.h>


// *************************** Images ***************************
//width=22 x height=10
const unsigned short green300[] = {
 0xC7FF, 0xC7FF, 0xC7FF, 0xC7FF, 0xC7FF, 0xC7FF, 0xFFFF, 0xFFFF, 0xC7FF, 0xC7FF, 0xC7FF, 0xC7FF, 0xC7FF, 0xC7FF, 0xFFFF, 0xFFFF,
 0xC7FF, 0xC7FF, 0xC7FF, 0xC7FF, 0xC7FF, 0xC7FF, 0xC7FF, 0xC7FF, 0xC7FF, 0xC7FF, 0xC7FF, 0xC7FF, 0xFFFF, 0xFFFF, 0xC7FF, 0xC7FF,
 0xC7FF, 0xC7FF, 0xC7FF, 0xC7FF, 0xFFFF, 0xFFFF, 0xC7FF, 0xC7FF, 0xC7FF, 0xC7FF, 0xC7FF, 0xC7FF, 0xFFFF, 0xFFFF, 0xFFFF, 0xFFFF,
 0xC7FF, 0xC7FF, 0xFFFF, 0xFFFF, 0xC7FF, 0xC7FF, 0xFFFF, 0xFFFF, 0xC7FF, 0xC7FF, 0xFFFF, 0xFFFF, 0xC7FF, 0xC7FF, 0xFFFF, 0xFFFF,
 0xC7FF, 0xC7FF, 0xFFFF, 0xFFFF, 0xFFFF, 0xFFFF, 0xC7FF, 0xC7FF, 0xFFFF, 0xFFFF, 0xC7FF, 0xC7FF, 0xFFFF, 0xFFFF, 0xC7FF, 0xC7FF,
 0xFFFF, 0xFFFF, 0xC7FF, 0xC7FF, 0xFFFF, 0xFFFF, 0xC7FF, 0xC7FF, 0xC7FF, 0xC7FF, 0xC7FF, 0xC7FF, 0xC7FF, 0xC7FF, 0xFFFF, 0xFFFF,
 0xC7FF, 0xC7FF, 0xFFFF, 0xFFFF, 0xC7FF, 0xC7FF, 0xFFFF, 0xFFFF, 0xC7FF, 0xC7FF, 0xFFFF, 0xFFFF, 0xC7FF, 0xC7FF, 0xC7FF, 0xC7FF,
 0xC7FF, 0xC7FF, 0xC7FF, 0xC7FF, 0xFFFF, 0xFFFF, 0xC7FF, 0xC7FF, 0xFFFF, 0xFFFF, 0xC7FF, 0xC7FF, 0xFFFF, 0xFFFF, 0xC7FF, 0xC7FF,
 0xFFFF, 0xFFFF, 0xC7FF, 0xC7FF, 0xFFFF, 0xFFFF, 0xFFFF, 0xFFFF, 0xC7FF, 0xC7FF, 0xFFFF, 0xFFFF, 0xC7FF, 0xC7FF, 0xFFFF, 0xFFFF,
 0xC7FF, 0xC7FF, 0xFFFF, 0xFFFF, 0xC7FF, 0xC7FF, 0xFFFF, 0xFFFF, 0xC7FF, 0xC7FF, 0xFFFF, 0xFFFF, 0xFFFF, 0xFFFF, 0xC7FF, 0xC7FF,
 0xFFFF, 0xFFFF, 0xC7FF, 0xC7FF, 0xFFFF, 0xFFFF, 0xC7FF, 0xC7FF, 0xFFFF, 0xFFFF, 0xC7FF, 0xC7FF, 0xFFFF, 0xFFFF, 0xC7FF, 0xC7FF,
 0xC7FF, 0xC7FF, 0xC7FF, 0xC7FF, 0xC7FF, 0xC7FF, 0xFFFF, 0xFFFF, 0xC7FF, 0xC7FF, 0xC7FF, 0xC7FF, 0xC7FF, 0xC7FF, 0xFFFF, 0xFFFF,
 0xC7FF, 0xC7FF, 0xC7FF, 0xC7FF, 0xC7FF, 0xC7FF, 0xC7FF, 0xC7FF, 0xC7FF, 0xC7FF, 0xC7FF, 0xC7FF, 0xFFFF, 0xFFFF, 0xC7FF, 0xC7FF,
 0xC7FF, 0xC7FF, 0xC7FF, 0xC7FF, 0xFFFF, 0xFFFF, 0xC7FF, 0xC7FF, 0xC7FF, 0xC7FF, 0xC7FF, 0xC7FF,
};

//width=22 x height=10
const unsigned short green600[] = {
 0xC7FF, 0xC7FF, 0xC7FF, 0xC7FF, 0xC7FF, 0xC7FF, 0xFFFF, 0xFFFF, 0xC7FF, 0xC7FF, 0xC7FF, 0xC7FF, 0xC7FF, 0xC7FF, 0xFFFF, 0xFFFF,
 0xC7FF, 0xC7FF, 0xC7FF, 0xC7FF, 0xC7FF, 0xC7FF, 0xC7FF, 0xC7FF, 0xC7FF, 0xC7FF, 0xC7FF, 0xC7FF, 0xFFFF, 0xFFFF, 0xC7FF, 0xC7FF,
 0xC7FF, 0xC7FF, 0xC7FF, 0xC7FF, 0xFFFF, 0xFFFF, 0xC7FF, 0xC7FF, 0xC7FF, 0xC7FF, 0xC7FF, 0xC7FF, 0xC7FF, 0xC7FF, 0xFFFF, 0xFFFF,
 0xC7FF, 0xC7FF, 0xFFFF, 0xFFFF, 0xC7FF, 0xC7FF, 0xFFFF, 0xFFFF, 0xC7FF, 0xC7FF, 0xFFFF, 0xFFFF, 0xC7FF, 0xC7FF, 0xFFFF, 0xFFFF,
 0xC7FF, 0xC7FF, 0xC7FF, 0xC7FF, 0xFFFF, 0xFFFF, 0xC7FF, 0xC7FF, 0xFFFF, 0xFFFF, 0xC7FF, 0xC7FF, 0xFFFF, 0xFFFF, 0xC7FF, 0xC7FF,
 0xFFFF, 0xFFFF, 0xC7FF, 0xC7FF, 0xFFFF, 0xFFFF, 0xC7FF, 0xC7FF, 0xC7FF, 0xC7FF, 0xC7FF, 0xC7FF, 0xC7FF, 0xC7FF, 0xFFFF, 0xFFFF,
 0xC7FF, 0xC7FF, 0xFFFF, 0xFFFF, 0xC7FF, 0xC7FF, 0xFFFF, 0xFFFF, 0xC7FF, 0xC7FF, 0xFFFF, 0xFFFF, 0xC7FF, 0xC7FF, 0xC7FF, 0xC7FF,
 0xC7FF, 0xC7FF, 0xC7FF, 0xC7FF, 0xFFFF, 0xFFFF, 0xC7FF, 0xC7FF, 0xFFFF, 0xFFFF, 0xC7FF, 0xC7FF, 0xFFFF, 0xFFFF, 0xC7FF, 0xC7FF,
 0xFFFF, 0xFFFF, 0xC7FF, 0xC7FF, 0xC7FF, 0xC7FF, 0xFFFF, 0xFFFF, 0xFFFF, 0xFFFF, 0xFFFF, 0xFFFF, 0xC7FF, 0xC7FF, 0xFFFF, 0xFFFF,
 0xC7FF, 0xC7FF, 0xFFFF, 0xFFFF, 0xC7FF, 0xC7FF, 0xFFFF, 0xFFFF, 0xC7FF, 0xC7FF, 0xC7FF, 0xC7FF, 0xFFFF, 0xFFFF, 0xFFFF, 0xFFFF,
 0xFFFF, 0xFFFF, 0xC7FF, 0xC7FF, 0xFFFF, 0xFFFF, 0xC7FF, 0xC7FF, 0xFFFF, 0xFFFF, 0xC7FF, 0xC7FF, 0xFFFF, 0xFFFF, 0xC7FF, 0xC7FF,
 0xC7FF, 0xC7FF, 0xC7FF, 0xC7FF, 0xC7FF, 0xC7FF, 0xFFFF, 0xFFFF, 0xC7FF, 0xC7FF, 0xC7FF, 0xC7FF, 0xC7FF, 0xC7FF, 0xFFFF, 0xFFFF,
 0xC7FF, 0xC7FF, 0xC7FF, 0xC7FF, 0xC7FF, 0xC7FF, 0xC7FF, 0xC7FF, 0xC7FF, 0xC7FF, 0xC7FF, 0xC7FF, 0xFFFF, 0xFFFF, 0xC7FF, 0xC7FF,
 0xC7FF, 0xC7FF, 0xC7FF, 0xC7FF, 0xFFFF, 0xFFFF, 0xC7FF, 0xC7FF, 0xC7FF, 0xC7FF, 0xC7FF, 0xC7FF,
};

//22x10
const unsigned short green900[] = {
 0xC7FF, 0xC7FF, 0xC7FF, 0xC7FF, 0xC7FF, 0xC7FF, 0xFFFF, 0xFFFF, 0xC7FF, 0xC7FF, 0xC7FF, 0xC7FF, 0xC7FF, 0xC7FF, 0xFFFF, 0xFFFF,
 0xC7FF, 0xC7FF, 0xC7FF, 0xC7FF, 0xC7FF, 0xC7FF, 0xC7FF, 0xC7FF, 0xC7FF, 0xC7FF, 0xC7FF, 0xC7FF, 0xFFFF, 0xFFFF, 0xC7FF, 0xC7FF,
 0xC7FF, 0xC7FF, 0xC7FF, 0xC7FF, 0xFFFF, 0xFFFF, 0xC7FF, 0xC7FF, 0xC7FF, 0xC7FF, 0xC7FF, 0xC7FF, 0xFFFF, 0xFFFF, 0xFFFF, 0xFFFF,
 0xC7FF, 0xC7FF, 0xFFFF, 0xFFFF, 0xC7FF, 0xC7FF, 0xFFFF, 0xFFFF, 0xC7FF, 0xC7FF, 0xFFFF, 0xFFFF, 0xC7FF, 0xC7FF, 0xFFFF, 0xFFFF,
 0xC7FF, 0xC7FF, 0xFFFF, 0xFFFF, 0xFFFF, 0xFFFF, 0xC7FF, 0xC7FF, 0xFFFF, 0xFFFF, 0xC7FF, 0xC7FF, 0xFFFF, 0xFFFF, 0xC7FF, 0xC7FF,
 0xFFFF, 0xFFFF, 0xC7FF, 0xC7FF, 0xFFFF, 0xFFFF, 0xC7FF, 0xC7FF, 0xC7FF, 0xC7FF, 0xC7FF, 0xC7FF, 0xC7FF, 0xC7FF, 0xFFFF, 0xFFFF,
 0xC7FF, 0xC7FF, 0xFFFF, 0xFFFF, 0xC7FF, 0xC7FF, 0xFFFF, 0xFFFF, 0xC7FF, 0xC7FF, 0xFFFF, 0xFFFF, 0xC7FF, 0xC7FF, 0xC7FF, 0xC7FF,
 0xC7FF, 0xC7FF, 0xC7FF, 0xC7FF, 0xFFFF, 0xFFFF, 0xC7FF, 0xC7FF, 0xFFFF, 0xFFFF, 0xC7FF, 0xC7FF, 0xFFFF, 0xFFFF, 0xC7FF, 0xC7FF,
 0xFFFF, 0xFFFF, 0xC7FF, 0xC7FF, 0xC7FF, 0xC7FF, 0xFFFF, 0xFFFF, 0xC7FF, 0xC7FF, 0xFFFF, 0xFFFF, 0xC7FF, 0xC7FF, 0xFFFF, 0xFFFF,
 0xC7FF, 0xC7FF, 0xFFFF, 0xFFFF, 0xC7FF, 0xC7FF, 0xFFFF, 0xFFFF, 0xC7FF, 0xC7FF, 0xC7FF, 0xC7FF, 0xFFFF, 0xFFFF, 0xC7FF, 0xC7FF,
 0xFFFF, 0xFFFF, 0xC7FF, 0xC7FF, 0xFFFF, 0xFFFF, 0xC7FF, 0xC7FF, 0xFFFF, 0xFFFF, 0xC7FF, 0xC7FF, 0xFFFF, 0xFFFF, 0xC7FF, 0xC7FF,
 0xC7FF, 0xC7FF, 0xC7FF, 0xC7FF, 0xC7FF, 0xC7FF, 0xFFFF, 0xFFFF, 0xC7FF, 0xC7FF, 0xC7FF, 0xC7FF, 0xC7FF, 0xC7FF, 0xFFFF, 0xFFFF,
 0xC7FF, 0xC7FF, 0xC7FF, 0xC7FF, 0xC7FF, 0xC7FF, 0xC7FF, 0xC7FF, 0xC7FF, 0xC7FF, 0xC7FF, 0xC7FF, 0xFFFF, 0xFFFF, 0xC7FF, 0xC7FF,
 0xC7FF, 0xC7FF, 0xC7FF, 0xC7FF, 0xFFFF, 0xFFFF, 0xC7FF, 0xC7FF, 0xC7FF, 0xC7FF, 0xC7FF, 0xC7FF,
};

//14x16
const unsigned short greenbody1[] = {
 0xFFFF, 0xFFFF, 0xFFFF, 0xFFFF, 0xFFFF, 0xFFFF, 0xC7FF, 0xC7FF, 0xFFFF, 0xFFFF, 0xFFFF, 0xFFFF, 0xFFFF, 0xFFFF, 0xFFFF, 0xFFFF,
 0xFFFF, 0xFFFF, 0xFFFF, 0xFFFF, 0xC7FF, 0xC7FF, 0xFFFF, 0xFFFF, 0xFFFF, 0xFFFF, 0xFFFF, 0xFFFF, 0xFFFF, 0xFFFF, 0x07E0, 0x07E0,
 0x07E0, 0x07E0, 0x07E0, 0x07E0, 0x07E0, 0x07E0, 0xFFFF, 0xFFFF, 0xFFFF, 0xFFFF, 0xFFFF, 0xFFFF, 0x07E0, 0x07E0, 0x07E0, 0x07E0,
 0x07E0, 0x07E0, 0x07E0, 0x07E0, 0xFFFF, 0xFFFF, 0xFFFF, 0xFFFF, 0x07E0, 0x07E0, 0x07E0, 0x07E0, 0x07E0, 0x07E0, 0x07E0, 0x07E0,
 0x07E0, 0x07E0, 0x07E0, 0x07E0, 0xFFFF, 0xFFFF, 0x07E0, 0x07E0, 0x07E0, 0x07E0, 0x07E0, 0x07E0, 0x07E0, 0x07E0, 0x07E0, 0x07E0,
 0x07E0, 0x07E0, 0xFFFF, 0xFFFF, 0x07E0, 0x07E0, 0x07E0, 0x07E0, 0x07E0, 0x07E0, 0x07E0, 0x07E0, 0x07E0, 0x07E0, 0x07E0, 0x07E0,
 0x07E0, 0x07E0, 0x07E0, 0x07E0, 0x07E0, 0x07E0, 0x07E0, 0x07E0, 0x07E0, 0x07E0, 0x07E0, 0x07E0, 0x07E0, 0x07E0, 0x07E0, 0x07E0,
 0x07E0, 0x07E0, 0x07E0, 0x07E0, 0x07E0, 0x07E0, 0x07E0, 0x07E0, 0x07E0, 0x07E0, 0x07E0, 0x07E0, 0x07E0, 0x07E0, 0x07E0, 0x07E0,
 0x07E0, 0x07E0, 0x07E0, 0x07E0, 0x07E0, 0x07E0, 0x07E0, 0x07E0, 0x07E0, 0x07E0, 0x07E0, 0x07E0, 0x07E0, 0x07E0, 0x07E0, 0x07E0,
 0x07E0, 0x07E0, 0x07E0, 0x07E0, 0x07E0, 0x07E0, 0x07E0, 0x07E0, 0xFFFF, 0xFFFF, 0x07E0, 0x07E0, 0x07E0, 0x07E0, 0x07E0, 0x07E0,
 0x07E0, 0x07E0, 0x07E0, 0x07E0, 0x07E0, 0x07E0, 0xFFFF, 0xFFFF, 0xFFFF, 0xFFFF, 0x07E0, 0x07E0, 0x07E0, 0x07E0, 0x07E0, 0x07E0,
 0x07E0, 0x07E0, 0xFFFF, 0xFFFF, 0xFFFF, 0xFFFF, 0xFFFF, 0xFFFF, 0x07E0, 0x07E0, 0x07E0, 0x07E0, 0x07E0, 0x07E0, 0x07E0, 0x07E0,
 0xFFFF, 0xFFFF, 0xFFFF, 0xFFFF, 0xFFFF, 0xFFFF, 0xFFFF, 0xFFFF, 0xFFFF, 0xFFFF, 0xC7FF, 0xC7FF, 0xFFFF, 0xFFFF, 0xFFFF, 0xFFFF,
 0xFFFF, 0xFFFF, 0xFFFF, 0xFFFF, 0xFFFF, 0xFFFF, 0xFFFF, 0xFFFF, 0xC7FF, 0xC7FF, 0xFFFF, 0xFFFF, 0xFFFF, 0xFFFF, 0xFFFF, 0xFFFF,

};

//14x16
const unsigned short greenbody2[] = {
 0xFFFF, 0xFFFF, 0xFFFF, 0xFFFF, 0xFFFF, 0xFFFF, 0xFFFF, 0xFFFF, 0xC7FF, 0xC7FF, 0xFFFF, 0xFFFF, 0xFFFF, 0xFFFF, 0xFFFF, 0xFFFF,
 0xFFFF, 0xFFFF, 0xFFFF, 0xFFFF, 0xFFFF, 0xFFFF, 0xC7FF, 0xC7FF, 0xFFFF, 0xFFFF, 0xFFFF, 0xFFFF, 0xFFFF, 0xFFFF, 0x07E0, 0x07E0,
 0x07E0, 0x07E0, 0x07E0, 0x07E0, 0x07E0, 0x07E0, 0xFFFF, 0xFFFF, 0xFFFF, 0xFFFF, 0xFFFF, 0xFFFF, 0x07E0, 0x07E0, 0x07E0, 0x07E0,
 0x07E0, 0x07E0, 0x07E0, 0x07E0, 0xFFFF, 0xFFFF, 0xFFFF, 0xFFFF, 0x07E0, 0x07E0, 0x07E0, 0x07E0, 0x07E0, 0x07E0, 0x07E0, 0x07E0,
 0x07E0, 0x07E0, 0x07E0, 0x07E0, 0xFFFF, 0xFFFF, 0x07E0, 0x07E0, 0x07E0, 0x07E0, 0x07E0, 0x07E0, 0x07E0, 0x07E0, 0x07E0, 0x07E0,
 0x07E0, 0x07E0, 0xFFFF, 0xFFFF, 0x07E0, 0x07E0, 0x07E0, 0x07E0, 0x07E0, 0x07E0, 0x07E0, 0x07E0, 0x07E0, 0x07E0, 0x07E0, 0x07E0,
 0x07E0, 0x07E0, 0x07E0, 0x07E0, 0x07E0, 0x07E0, 0x07E0, 0x07E0, 0x07E0, 0x07E0, 0x07E0, 0x07E0, 0x07E0, 0x07E0, 0x07E0, 0x07E0,
 0x07E0, 0x07E0, 0x07E0, 0x07E0, 0x07E0, 0x07E0, 0x07E0, 0x07E0, 0x07E0, 0x07E0, 0x07E0, 0x07E0, 0x07E0, 0x07E0, 0x07E0, 0x07E0,
 0x07E0, 0x07E0, 0x07E0, 0x07E0, 0x07E0, 0x07E0, 0x07E0, 0x07E0, 0x07E0, 0x07E0, 0x07E0, 0x07E0, 0x07E0, 0x07E0, 0x07E0, 0x07E0,
 0x07E0, 0x07E0, 0x07E0, 0x07E0, 0x07E0, 0x07E0, 0x07E0, 0x07E0, 0xFFFF, 0xFFFF, 0x07E0, 0x07E0, 0x07E0, 0x07E0, 0x07E0, 0x07E0,
 0x07E0, 0x07E0, 0x07E0, 0x07E0, 0x07E0, 0x07E0, 0xFFFF, 0xFFFF, 0xFFFF, 0xFFFF, 0x07E0, 0x07E0, 0x07E0, 0x07E0, 0x07E0, 0x07E0,
 0x07E0, 0x07E0, 0xFFFF, 0xFFFF, 0xFFFF, 0xFFFF, 0xFFFF, 0xFFFF, 0x07E0, 0x07E0, 0x07E0, 0x07E0, 0x07E0, 0x07E0, 0x07E0, 0x07E0,
 0xFFFF, 0xFFFF, 0xFFFF, 0xFFFF, 0xFFFF, 0xFFFF, 0xFFFF, 0xFFFF, 0xFFFF, 0xFFFF, 0xFFFF, 0xFFFF, 0xC7FF, 0xC7FF, 0xFFFF, 0xFFFF,
 0xFFFF, 0xFFFF, 0xFFFF, 0xFFFF, 0xFFFF, 0xFFFF, 0xFFFF, 0xFFFF, 0xFFFF, 0xFFFF, 0xC7FF, 0xC7FF, 0xFFFF, 0xFFFF, 0xFFFF, 0xFFFF,

};

//14x16
const unsigned short greenbody3[] = {
 0xFFFF, 0xFFFF, 0xFFFF, 0xFFFF, 0xFFFF, 0xFFFF, 0xFFFF, 0xFFFF, 0xFFFF, 0xFFFF, 0xC7FF, 0xC7FF, 0xFFFF, 0xFFFF, 0xFFFF, 0xFFFF,
 0xFFFF, 0xFFFF, 0xFFFF, 0xFFFF, 0xFFFF, 0xFFFF, 0xFFFF, 0xFFFF, 0xC7FF, 0xC7FF, 0xFFFF, 0xFFFF, 0xFFFF, 0xFFFF, 0x07E0, 0x07E0,
 0x07E0, 0x07E0, 0x07E0, 0x07E0, 0x07E0, 0x07E0, 0xFFFF, 0xFFFF, 0xFFFF, 0xFFFF, 0xFFFF, 0xFFFF, 0x07E0, 0x07E0, 0x07E0, 0x07E0,
 0x07E0, 0x07E0, 0x07E0, 0x07E0, 0xFFFF, 0xFFFF, 0xFFFF, 0xFFFF, 0x07E0, 0x07E0, 0x07E0, 0x07E0, 0x07E0, 0x07E0, 0x07E0, 0x07E0,
 0x07E0, 0x07E0, 0x07E0, 0x07E0, 0xFFFF, 0xFFFF, 0x07E0, 0x07E0, 0x07E0, 0x07E0, 0x07E0, 0x07E0, 0x07E0, 0x07E0, 0x07E0, 0x07E0,
 0x07E0, 0x07E0, 0xFFFF, 0xFFFF, 0x07E0, 0x07E0, 0x07E0, 0x07E0, 0x07E0, 0x07E0, 0x07E0, 0x07E0, 0x07E0, 0x07E0, 0x07E0, 0x07E0,
 0x07E0, 0x07E0, 0x07E0, 0x07E0, 0x07E0, 0x07E0, 0x07E0, 0x07E0, 0x07E0, 0x07E0, 0x07E0, 0x07E0, 0x07E0, 0x07E0, 0x07E0, 0x07E0,
 0x07E0, 0x07E0, 0x07E0, 0x07E0, 0x07E0, 0x07E0, 0x07E0, 0x07E0, 0x07E0, 0x07E0, 0x07E0, 0x07E0, 0x07E0, 0x07E0, 0x07E0, 0x07E0,
 0x07E0, 0x07E0, 0x07E0, 0x07E0, 0x07E0, 0x07E0, 0x07E0, 0x07E0, 0x07E0, 0x07E0, 0x07E0, 0x07E0, 0x07E0, 0x07E0, 0x07E0, 0x07E0,
 0x07E0, 0x07E0, 0x07E0, 0x07E0, 0x07E0, 0x07E0, 0x07E0, 0x07E0, 0xFFFF, 0xFFFF, 0x07E0, 0x07E0, 0x07E0, 0x07E0, 0x07E0, 0x07E0,
 0x07E0, 0x07E0, 0x07E0, 0x07E0, 0x07E0, 0x07E0, 0xFFFF, 0xFFFF, 0xFFFF, 0xFFFF, 0x07E0, 0x07E0, 0x07E0, 0x07E0, 0x07E0, 0x07E0,
 0x07E0, 0x07E0, 0xFFFF, 0xFFFF, 0xFFFF, 0xFFFF, 0xFFFF, 0xFFFF, 0x07E0, 0x07E0, 0x07E0, 0x07E0, 0x07E0, 0x07E0, 0x07E0, 0x07E0,
 0xFFFF, 0xFFFF, 0xFFFF, 0xFFFF, 0xFFFF, 0xFFFF, 0xFFFF, 0xFFFF, 0xFFFF, 0xFFFF, 0xFFFF, 0xFFFF, 0xFFFF, 0xFFFF, 0xC7FF, 0xC7FF,
 0xFFFF, 0xFFFF, 0xFFFF, 0xFFFF, 0xFFFF, 0xFFFF, 0xFFFF, 0xFFFF, 0xFFFF, 0xFFFF, 0xFFFF, 0xFFFF, 0xC7FF, 0xC7FF, 0xFFFF, 0xFFFF,

};

//14x16
const unsigned short greenbody4[] = {
 0xFFFF, 0xFFFF, 0xFFFF, 0xFFFF, 0xFFFF, 0xFFFF, 0xFFFF, 0xFFFF, 0xC7FF, 0xC7FF, 0xFFFF, 0xFFFF, 0xFFFF, 0xFFFF, 0xFFFF, 0xFFFF,
 0xFFFF, 0xFFFF, 0xFFFF, 0xFFFF, 0xFFFF, 0xFFFF, 0xC7FF, 0xC7FF, 0xFFFF, 0xFFFF, 0xFFFF, 0xFFFF, 0xFFFF, 0xFFFF, 0x07E0, 0x07E0,
 0x07E0, 0x07E0, 0x07E0, 0x07E0, 0x07E0, 0x07E0, 0xFFFF, 0xFFFF, 0xFFFF, 0xFFFF, 0xFFFF, 0xFFFF, 0x07E0, 0x07E0, 0x07E0, 0x07E0,
 0x07E0, 0x07E0, 0x07E0, 0x07E0, 0xFFFF, 0xFFFF, 0xFFFF, 0xFFFF, 0x07E0, 0x07E0, 0x07E0, 0x07E0, 0x07E0, 0x07E0, 0x07E0, 0x07E0,
 0x07E0, 0x07E0, 0x07E0, 0x07E0, 0xFFFF, 0xFFFF, 0x07E0, 0x07E0, 0x07E0, 0x07E0, 0x07E0, 0x07E0, 0x07E0, 0x07E0, 0x07E0, 0x07E0,
 0x07E0, 0x07E0, 0xFFFF, 0xFFFF, 0x07E0, 0x07E0, 0x07E0, 0x07E0, 0x07E0, 0x07E0, 0x07E0, 0x07E0, 0x07E0, 0x07E0, 0x07E0, 0x07E0,
 0x07E0, 0x07E0, 0x07E0, 0x07E0, 0x07E0, 0x07E0, 0x07E0, 0x07E0, 0x07E0, 0x07E0, 0x07E0, 0x07E0, 0x07E0, 0x07E0, 0x07E0, 0x07E0,
 0x07E0, 0x07E0, 0x07E0, 0x07E0, 0x07E0, 0x07E0, 0x07E0, 0x07E0, 0x07E0, 0x07E0, 0x07E0, 0x07E0, 0x07E0, 0x07E0, 0x07E0, 0x07E0,
 0x07E0, 0x07E0, 0x07E0, 0x07E0, 0x07E0, 0x07E0, 0x07E0, 0x07E0, 0x07E0, 0x07E0, 0x07E0, 0x07E0, 0x07E0, 0x07E0, 0x07E0, 0x07E0,
 0x07E0, 0x07E0, 0x07E0, 0x07E0, 0x07E0, 0x07E0, 0x07E0, 0x07E0, 0xFFFF, 0xFFFF, 0x07E0, 0x07E0, 0x07E0, 0x07E0, 0x07E0, 0x07E0,
 0x07E0, 0x07E0, 0x07E0, 0x07E0, 0x07E0, 0x07E0, 0xFFFF, 0xFFFF, 0xFFFF, 0xFFFF, 0x07E0, 0x07E0, 0x07E0, 0x07E0, 0x07E0, 0x07E0,
 0x07E0, 0x07E0, 0xFFFF, 0xFFFF, 0xFFFF, 0xFFFF, 0xFFFF, 0xFFFF, 0x07E0, 0x07E0, 0x07E0, 0x07E0, 0x07E0, 0x07E0, 0x07E0, 0x07E0,
 0xFFFF, 0xFFFF, 0xFFFF, 0xFFFF, 0xFFFF, 0xFFFF, 0xFFFF, 0xFFFF, 0xFFFF, 0xFFFF, 0xFFFF, 0xFFFF, 0xC7FF, 0xC7FF, 0xFFFF, 0xFFFF,
 0xFFFF, 0xFFFF, 0xFFFF, 0xFFFF, 0xFFFF, 0xFFFF, 0xFFFF, 0xFFFF, 0xFFFF, 0xFFFF, 0xC7FF, 0xC7FF, 0xFFFF, 0xFFFF, 0xFFFF, 0xFFFF,

};

//14x16
const unsigned short greenbody5[] = {
 0xFFFF, 0xFFFF, 0xFFFF, 0xFFFF, 0xFFFF, 0xFFFF, 0xC7FF, 0xC7FF, 0xFFFF, 0xFFFF, 0xFFFF, 0xFFFF, 0xFFFF, 0xFFFF, 0xFFFF, 0xFFFF,
 0xFFFF, 0xFFFF, 0xFFFF, 0xFFFF, 0xC7FF, 0xC7FF, 0xFFFF, 0xFFFF, 0xFFFF, 0xFFFF, 0xFFFF, 0xFFFF, 0xFFFF, 0xFFFF, 0x07E0, 0x07E0,
 0x07E0, 0x07E0, 0x07E0, 0x07E0, 0x07E0, 0x07E0, 0xFFFF, 0xFFFF, 0xFFFF, 0xFFFF, 0xFFFF, 0xFFFF, 0x07E0, 0x07E0, 0x07E0, 0x07E0,
 0x07E0, 0x07E0, 0x07E0, 0x07E0, 0xFFFF, 0xFFFF, 0xFFFF, 0xFFFF, 0x07E0, 0x07E0, 0x07E0, 0x07E0, 0x07E0, 0x07E0, 0x07E0, 0x07E0,
 0x07E0, 0x07E0, 0x07E0, 0x07E0, 0xFFFF, 0xFFFF, 0x07E0, 0x07E0, 0x07E0, 0x07E0, 0x07E0, 0x07E0, 0x07E0, 0x07E0, 0x07E0, 0x07E0,
 0x07E0, 0x07E0, 0xFFFF, 0xFFFF, 0x07E0, 0x07E0, 0x07E0, 0x07E0, 0x07E0, 0x07E0, 0x07E0, 0x07E0, 0x07E0, 0x07E0, 0x07E0, 0x07E0,
 0x07E0, 0x07E0, 0x07E0, 0x07E0, 0x07E0, 0x07E0, 0x07E0, 0x07E0, 0x07E0, 0x07E0, 0x07E0, 0x07E0, 0x07E0, 0x07E0, 0x07E0, 0x07E0,
 0x07E0, 0x07E0, 0x07E0, 0x07E0, 0x07E0, 0x07E0, 0x07E0, 0x07E0, 0x07E0, 0x07E0, 0x07E0, 0x07E0, 0x07E0, 0x07E0, 0x07E0, 0x07E0,
 0x07E0, 0x07E0, 0x07E0, 0x07E0, 0x07E0, 0x07E0, 0x07E0, 0x07E0, 0x07E0, 0x07E0, 0x07E0, 0x07E0, 0x07E0, 0x07E0, 0x07E0, 0x07E0,
 0x07E0, 0x07E0, 0x07E0, 0x07E0, 0x07E0, 0x07E0, 0x07E0, 0x07E0, 0xFFFF, 0xFFFF, 0x07E0, 0x07E0, 0x07E0, 0x07E0, 0x07E0, 0x07E0,
 0x07E0, 0x07E0, 0x07E0, 0x07E0, 0x07E0, 0x07E0, 0xFFFF, 0xFFFF, 0xFFFF, 0xFFFF, 0x07E0, 0x07E0, 0x07E0, 0x07E0, 0x07E0, 0x07E0,
 0x07E0, 0x07E0, 0xFFFF, 0xFFFF, 0xFFFF, 0xFFFF, 0xFFFF, 0xFFFF, 0x07E0, 0x07E0, 0x07E0, 0x07E0, 0x07E0, 0x07E0, 0x07E0, 0x07E0,
 0xFFFF, 0xFFFF, 0xFFFF, 0xFFFF, 0xFFFF, 0xFFFF, 0xFFFF, 0xFFFF, 0xFFFF, 0xFFFF, 0xC7FF, 0xC7FF, 0xFFFF, 0xFFFF, 0xFFFF, 0xFFFF,
 0xFFFF, 0xFFFF, 0xFFFF, 0xFFFF, 0xFFFF, 0xFFFF, 0xFFFF, 0xFFFF, 0xC7FF, 0xC7FF, 0xFFFF, 0xFFFF, 0xFFFF, 0xFFFF, 0xFFFF, 0xFFFF,

};

//14x16
const unsigned short greenbody6[] = {
 0xFFFF, 0xFFFF, 0xFFFF, 0xFFFF, 0xC7FF, 0xC7FF, 0xFFFF, 0xFFFF, 0xFFFF, 0xFFFF, 0xFFFF, 0xFFFF, 0xFFFF, 0xFFFF, 0xFFFF, 0xFFFF,
 0xFFFF, 0xFFFF, 0xC7FF, 0xC7FF, 0xFFFF, 0xFFFF, 0xFFFF, 0xFFFF, 0xFFFF, 0xFFFF, 0xFFFF, 0xFFFF, 0xFFFF, 0xFFFF, 0x07E0, 0x07E0,
 0x07E0, 0x07E0, 0x07E0, 0x07E0, 0x07E0, 0x07E0, 0xFFFF, 0xFFFF, 0xFFFF, 0xFFFF, 0xFFFF, 0xFFFF, 0x07E0, 0x07E0, 0x07E0, 0x07E0,
 0x07E0, 0x07E0, 0x07E0, 0x07E0, 0xFFFF, 0xFFFF, 0xFFFF, 0xFFFF, 0x07E0, 0x07E0, 0x07E0, 0x07E0, 0x07E0, 0x07E0, 0x07E0, 0x07E0,
 0x07E0, 0x07E0, 0x07E0, 0x07E0, 0xFFFF, 0xFFFF, 0x07E0, 0x07E0, 0x07E0, 0x07E0, 0x07E0, 0x07E0, 0x07E0, 0x07E0, 0x07E0, 0x07E0,
 0x07E0, 0x07E0, 0xFFFF, 0xFFFF, 0x07E0, 0x07E0, 0x07E0, 0x07E0, 0x07E0, 0x07E0, 0x07E0, 0x07E0, 0x07E0, 0x07E0, 0x07E0, 0x07E0,
 0x07E0, 0x07E0, 0x07E0, 0x07E0, 0x07E0, 0x07E0, 0x07E0, 0x07E0, 0x07E0, 0x07E0, 0x07E0, 0x07E0, 0x07E0, 0x07E0, 0x07E0, 0x07E0,
 0x07E0, 0x07E0, 0x07E0, 0x07E0, 0x07E0, 0x07E0, 0x07E0, 0x07E0, 0x07E0, 0x07E0, 0x07E0, 0x07E0, 0x07E0, 0x07E0, 0x07E0, 0x07E0,
 0x07E0, 0x07E0, 0x07E0, 0x07E0, 0x07E0, 0x07E0, 0x07E0, 0x07E0, 0x07E0, 0x07E0, 0x07E0, 0x07E0, 0x07E0, 0x07E0, 0x07E0, 0x07E0,
 0x07E0, 0x07E0, 0x07E0, 0x07E0, 0x07E0, 0x07E0, 0x07E0, 0x07E0, 0xFFFF, 0xFFFF, 0x07E0, 0x07E0, 0x07E0, 0x07E0, 0x07E0, 0x07E0,
 0x07E0, 0x07E0, 0x07E0, 0x07E0, 0x07E0, 0x07E0, 0xFFFF, 0xFFFF, 0xFFFF, 0xFFFF, 0x07E0, 0x07E0, 0x07E0, 0x07E0, 0x07E0, 0x07E0,
 0x07E0, 0x07E0, 0xFFFF, 0xFFFF, 0xFFFF, 0xFFFF, 0xFFFF, 0xFFFF, 0x07E0, 0x07E0, 0x07E0, 0x07E0, 0x07E0, 0x07E0, 0x07E0, 0x07E0,
 0xFFFF, 0xFFFF, 0xFFFF, 0xFFFF, 0xFFFF, 0xFFFF, 0xFFFF, 0xFFFF, 0xC7FF, 0xC7FF, 0xFFFF, 0xFFFF, 0xFFFF, 0xFFFF, 0xFFFF, 0xFFFF,
 0xFFFF, 0xFFFF, 0xFFFF, 0xFFFF, 0xFFFF, 0xFFFF, 0xC7FF, 0xC7FF, 0xFFFF, 0xFFFF, 0xFFFF, 0xFFFF, 0xFFFF, 0xFFFF, 0xFFFF, 0xFFFF,

};

//14x16
const unsigned short greenbody7[] = {
 0xFFFF, 0xFFFF, 0xC7FF, 0xC7FF, 0xFFFF, 0xFFFF, 0xFFFF, 0xFFFF, 0xFFFF, 0xFFFF, 0xFFFF, 0xFFFF, 0xFFFF, 0xFFFF, 0xFFFF, 0xFFFF,
 0xC7FF, 0xC7FF, 0xFFFF, 0xFFFF, 0xFFFF, 0xFFFF, 0xFFFF, 0xFFFF, 0xFFFF, 0xFFFF, 0xFFFF, 0xFFFF, 0xFFFF, 0xFFFF, 0x07E0, 0x07E0,
 0x07E0, 0x07E0, 0x07E0, 0x07E0, 0x07E0, 0x07E0, 0xFFFF, 0xFFFF, 0xFFFF, 0xFFFF, 0xFFFF, 0xFFFF, 0x07E0, 0x07E0, 0x07E0, 0x07E0,
 0x07E0, 0x07E0, 0x07E0, 0x07E0, 0xFFFF, 0xFFFF, 0xFFFF, 0xFFFF, 0x07E0, 0x07E0, 0x07E0, 0x07E0, 0x07E0, 0x07E0, 0x07E0, 0x07E0,
 0x07E0, 0x07E0, 0x07E0, 0x07E0, 0xFFFF, 0xFFFF, 0x07E0, 0x07E0, 0x07E0, 0x07E0, 0x07E0, 0x07E0, 0x07E0, 0x07E0, 0x07E0, 0x07E0,
 0x07E0, 0x07E0, 0xFFFF, 0xFFFF, 0x07E0, 0x07E0, 0x07E0, 0x07E0, 0x07E0, 0x07E0, 0x07E0, 0x07E0, 0x07E0, 0x07E0, 0x07E0, 0x07E0,
 0x07E0, 0x07E0, 0x07E0, 0x07E0, 0x07E0, 0x07E0, 0x07E0, 0x07E0, 0x07E0, 0x07E0, 0x07E0, 0x07E0, 0x07E0, 0x07E0, 0x07E0, 0x07E0,
 0x07E0, 0x07E0, 0x07E0, 0x07E0, 0x07E0, 0x07E0, 0x07E0, 0x07E0, 0x07E0, 0x07E0, 0x07E0, 0x07E0, 0x07E0, 0x07E0, 0x07E0, 0x07E0,
 0x07E0, 0x07E0, 0x07E0, 0x07E0, 0x07E0, 0x07E0, 0x07E0, 0x07E0, 0x07E0, 0x07E0, 0x07E0, 0x07E0, 0x07E0, 0x07E0, 0x07E0, 0x07E0,
 0x07E0, 0x07E0, 0x07E0, 0x07E0, 0x07E0, 0x07E0, 0x07E0, 0x07E0, 0xFFFF, 0xFFFF, 0x07E0, 0x07E0, 0x07E0, 0x07E0, 0x07E0, 0x07E0,
 0x07E0, 0x07E0, 0x07E0, 0x07E0, 0x07E0, 0x07E0, 0xFFFF, 0xFFFF, 0xFFFF, 0xFFFF, 0x07E0, 0x07E0, 0x07E0, 0x07E0, 0x07E0, 0x07E0,
 0x07E0, 0x07E0, 0xFFFF, 0xFFFF, 0xFFFF, 0xFFFF, 0xFFFF, 0xFFFF, 0x07E0, 0x07E0, 0x07E0, 0x07E0, 0x07E0, 0x07E0, 0x07E0, 0x07E0,
 0xFFFF, 0xFFFF, 0xFFFF, 0xFFFF, 0xFFFF, 0xFFFF, 0xC7FF, 0xC7FF, 0xFFFF, 0xFFFF, 0xFFFF, 0xFFFF, 0xFFFF, 0xFFFF, 0xFFFF, 0xFFFF,
 0xFFFF, 0xFFFF, 0xFFFF, 0xFFFF, 0xC7FF, 0xC7FF, 0xFFFF, 0xFFFF, 0xFFFF, 0xFFFF, 0xFFFF, 0xFFFF, 0xFFFF, 0xFFFF, 0xFFFF, 0xFFFF,

};

//14x16
const unsigned short greenbody8[] = {
 0xFFFF, 0xFFFF, 0xFFFF, 0xFFFF, 0xC7FF, 0xC7FF, 0xFFFF, 0xFFFF, 0xFFFF, 0xFFFF, 0xFFFF, 0xFFFF, 0xFFFF, 0xFFFF, 0xFFFF, 0xFFFF,
 0xFFFF, 0xFFFF, 0xC7FF, 0xC7FF, 0xFFFF, 0xFFFF, 0xFFFF, 0xFFFF, 0xFFFF, 0xFFFF, 0xFFFF, 0xFFFF, 0xFFFF, 0xFFFF, 0x07E0, 0x07E0,
 0x07E0, 0x07E0, 0x07E0, 0x07E0, 0x07E0, 0x07E0, 0xFFFF, 0xFFFF, 0xFFFF, 0xFFFF, 0xFFFF, 0xFFFF, 0x07E0, 0x07E0, 0x07E0, 0x07E0,
 0x07E0, 0x07E0, 0x07E0, 0x07E0, 0xFFFF, 0xFFFF, 0xFFFF, 0xFFFF, 0x07E0, 0x07E0, 0x07E0, 0x07E0, 0x07E0, 0x07E0, 0x07E0, 0x07E0,
 0x07E0, 0x07E0, 0x07E0, 0x07E0, 0xFFFF, 0xFFFF, 0x07E0, 0x07E0, 0x07E0, 0x07E0, 0x07E0, 0x07E0, 0x07E0, 0x07E0, 0x07E0, 0x07E0,
 0x07E0, 0x07E0, 0xFFFF, 0xFFFF, 0x07E0, 0x07E0, 0x07E0, 0x07E0, 0x07E0, 0x07E0, 0x07E0, 0x07E0, 0x07E0, 0x07E0, 0x07E0, 0x07E0,
 0x07E0, 0x07E0, 0x07E0, 0x07E0, 0x07E0, 0x07E0, 0x07E0, 0x07E0, 0x07E0, 0x07E0, 0x07E0, 0x07E0, 0x07E0, 0x07E0, 0x07E0, 0x07E0,
 0x07E0, 0x07E0, 0x07E0, 0x07E0, 0x07E0, 0x07E0, 0x07E0, 0x07E0, 0x07E0, 0x07E0, 0x07E0, 0x07E0, 0x07E0, 0x07E0, 0x07E0, 0x07E0,
 0x07E0, 0x07E0, 0x07E0, 0x07E0, 0x07E0, 0x07E0, 0x07E0, 0x07E0, 0x07E0, 0x07E0, 0x07E0, 0x07E0, 0x07E0, 0x07E0, 0x07E0, 0x07E0,
 0x07E0, 0x07E0, 0x07E0, 0x07E0, 0x07E0, 0x07E0, 0x07E0, 0x07E0, 0xFFFF, 0xFFFF, 0x07E0, 0x07E0, 0x07E0, 0x07E0, 0x07E0, 0x07E0,
 0x07E0, 0x07E0, 0x07E0, 0x07E0, 0x07E0, 0x07E0, 0xFFFF, 0xFFFF, 0xFFFF, 0xFFFF, 0x07E0, 0x07E0, 0x07E0, 0x07E0, 0x07E0, 0x07E0,
 0x07E0, 0x07E0, 0xFFFF, 0xFFFF, 0xFFFF, 0xFFFF, 0xFFFF, 0xFFFF, 0x07E0, 0x07E0, 0x07E0, 0x07E0, 0x07E0, 0x07E0, 0x07E0, 0x07E0,
 0xFFFF, 0xFFFF, 0xFFFF, 0xFFFF, 0xFFFF, 0xFFFF, 0xFFFF, 0xFFFF, 0xC7FF, 0xC7FF, 0xFFFF, 0xFFFF, 0xFFFF, 0xFFFF, 0xFFFF, 0xFFFF,
 0xFFFF, 0xFFFF, 0xFFFF, 0xFFFF, 0xFFFF, 0xFFFF, 0xC7FF, 0xC7FF, 0xFFFF, 0xFFFF, 0xFFFF, 0xFFFF, 0xFFFF, 0xFFFF, 0xFFFF, 0xFFFF,

};

//2x12
const unsigned short greenbullet[] = {
 0x001F, 0x001F, 0x001F, 0x001F, 0x001F, 0x001F, 0x001F, 0x001F, 0x001F, 0x001F, 0x001F, 0x001F, 0x001F, 0x001F, 0x001F, 0x001F,
 0x001F, 0x001F, 0x001F, 0x001F, 0x001F, 0x001F, 0x001F, 0x001F,
};

//313x16
const unsigned short greendeath1[] = {
 0xFFFF, 0xFFFF, 0xFFFF, 0xFFFF, 0x07E0, 0x07E0, 0xFFFF, 0xFFFF, 0xFFFF, 0xFFFF, 0xFFFF, 0xFFFF, 0x07E0, 0x07E0, 0xFFFF, 0xFFFF,
 0xFFFF, 0xFFFF, 0xFFFF, 0xFFFF, 0x07E0, 0x07E0, 0xFFFF, 0xFFFF, 0xFFFF, 0xFFFF, 0xFFFF, 0xFFFF, 0x07E0, 0x07E0, 0xFFFF, 0xFFFF,
 0xFFFF, 0xFFFF, 0xFFFF, 0xFFFF, 0x07E0, 0x07E0, 0xFFFF, 0xFFFF, 0xFFFF, 0xFFFF, 0xFFFF, 0xFFFF, 0x07E0, 0x07E0, 0xFFFF, 0xFFFF,
 0xFFFF, 0xFFFF, 0xFFFF, 0xFFFF, 0x07E0, 0x07E0, 0xFFFF, 0xFFFF, 0xFFFF, 0xFFFF, 0xFFFF, 0xFFFF, 0x07E0, 0x07E0, 0xFFFF, 0xFFFF,
 0xFFFF, 0xFFFF, 0x07E0, 0x07E0, 0x001F, 0x001F, 0x07E0, 0x07E0, 0xFFFF, 0xFFFF, 0x07E0, 0x07E0, 0xC7FF, 0xC7FF, 0x07E0, 0x07E0,
 0xFFFF, 0xFFFF, 0x07E0, 0x07E0, 0xC7FF, 0xC7FF, 0x07E0, 0x07E0, 0xFFFF, 0xFFFF, 0x07E0, 0x07E0, 0x001F, 0x001F, 0x07E0, 0x07E0,
 0xFFFF, 0xFFFF, 0x07E0, 0x07E0, 0x001F, 0x001F, 0x07E0, 0x07E0, 0xFFFF, 0xFFFF, 0x07E0, 0x07E0, 0xC7FF, 0xC7FF, 0x07E0, 0x07E0,
 0xFFFF, 0xFFFF, 0x07E0, 0x07E0, 0xC7FF, 0xC7FF, 0x07E0, 0x07E0, 0xFFFF, 0xFFFF, 0x07E0, 0x07E0, 0x001F, 0x001F, 0x07E0, 0x07E0,
 0x07E0, 0x07E0, 0x001F, 0x001F, 0x07E0, 0x07E0, 0x07E0, 0x07E0, 0x001F, 0x001F, 0x07E0, 0x07E0, 0x001F, 0x001F, 0x07E0, 0x07E0,
 0x07E0, 0x07E0, 0x001F, 0x001F, 0x07E0, 0x07E0, 0x001F, 0x001F, 0xC7FF, 0xC7FF, 0x07E0, 0x07E0, 0x07E0, 0x07E0, 0xFFFF, 0xFFFF,
 0x07E0, 0x07E0, 0x001F, 0x001F, 0x07E0, 0x07E0, 0x07E0, 0x07E0, 0x001F, 0x001F, 0x07E0, 0x07E0, 0x001F, 0x001F, 0x07E0, 0x07E0,
 0x07E0, 0x07E0, 0x001F, 0x001F, 0x07E0, 0x07E0, 0x001F, 0x001F, 0xC7FF, 0xC7FF, 0x07E0, 0x07E0, 0x07E0, 0x07E0, 0xFFFF, 0xFFFF,
 0xFFFF, 0xFFFF, 0x07E0, 0x07E0, 0xC7FF, 0xC7FF, 0x07E0, 0x07E0, 0x001F, 0x001F, 0x001F, 0x001F, 0x001F, 0x001F, 0x07E0, 0x07E0,
 0x07E0, 0x07E0, 0x001F, 0x001F, 0x001F, 0x001F, 0x001F, 0x001F, 0x07E0, 0x07E0, 0x07E0, 0x07E0, 0xFFFF, 0xFFFF, 0xFFFF, 0xFFFF,
 0xFFFF, 0xFFFF, 0x07E0, 0x07E0, 0xC7FF, 0xC7FF, 0x07E0, 0x07E0, 0x001F, 0x001F, 0x001F, 0x001F, 0x001F, 0x001F, 0x07E0, 0x07E0,
 0x07E0, 0x07E0, 0x001F, 0x001F, 0x001F, 0x001F, 0x001F, 0x001F, 0x07E0, 0x07E0, 0x07E0, 0x07E0, 0xFFFF, 0xFFFF, 0xFFFF, 0xFFFF,
 0xFFFF, 0xFFFF, 0xFFFF, 0xFFFF, 0x07E0, 0x07E0, 0x001F, 0x001F, 0x001F, 0x001F, 0x001F, 0x001F, 0x001F, 0x001F, 0x001F, 0x001F,
 0x001F, 0x001F, 0x001F, 0x001F, 0x001F, 0x001F, 0x001F, 0x001F, 0x001F, 0x001F, 0x07E0, 0x07E0, 0x07E0, 0x07E0, 0xFFFF, 0xFFFF,
 0xFFFF, 0xFFFF, 0xFFFF, 0xFFFF, 0x07E0, 0x07E0, 0x001F, 0x001F, 0x001F, 0x001F, 0x001F, 0x001F, 0x001F, 0x001F, 0x001F, 0x001F,
 0x001F, 0x001F, 0x001F, 0x001F, 0x001F, 0x001F, 0x001F, 0x001F, 0x001F, 0x001F, 0x07E0, 0x07E0, 0x07E0, 0x07E0, 0xFFFF, 0xFFFF,
 0xFFFF, 0xFFFF, 0x07E0, 0x07E0, 0xC7FF, 0xC7FF, 0x07E0, 0x07E0, 0x001F, 0x001F, 0x001F, 0x001F, 0x001F, 0x001F, 0x07E0, 0x07E0,
 0x07E0, 0x07E0, 0x001F, 0x001F, 0x001F, 0x001F, 0x001F, 0x001F, 0x07E0, 0x07E0, 0x07E0, 0x07E0, 0xC7FF, 0xC7FF, 0x07E0, 0x07E0,
 0xFFFF, 0xFFFF, 0x07E0, 0x07E0, 0xC7FF, 0xC7FF, 0x07E0, 0x07E0, 0x001F, 0x001F, 0x001F, 0x001F, 0x001F, 0x001F, 0x07E0, 0x07E0,
 0x07E0, 0x07E0, 0x001F, 0x001F, 0x001F, 0x001F, 0x001F, 0x001F, 0x07E0, 0x07E0, 0x07E0, 0x07E0, 0xC7FF, 0xC7FF, 0x07E0, 0x07E0,
 0x07E0, 0x07E0, 0x001F, 0x001F, 0x07E0, 0x07E0, 0xFFFF, 0xFFFF, 0x07E0, 0x07E0, 0x001F, 0x001F, 0x07E0, 0x07E0, 0xFFFF, 0xFFFF,
 0x07E0, 0x07E0, 0x07E0, 0x07E0, 0x001F, 0x001F, 0xFFFF, 0xFFFF, 0x07E0, 0x07E0, 0x001F, 0x001F, 0x07E0, 0x07E0, 0xFFFF, 0xFFFF,
 0x07E0, 0x07E0, 0x001F, 0x001F, 0x07E0, 0x07E0, 0xFFFF, 0xFFFF, 0x07E0, 0x07E0, 0x001F, 0x001F, 0x07E0, 0x07E0, 0xFFFF, 0xFFFF,
 0x07E0, 0x07E0, 0x07E0, 0x07E0, 0x001F, 0x001F, 0xFFFF, 0xFFFF, 0x07E0, 0x07E0, 0x001F, 0x001F, 0x07E0, 0x07E0, 0xFFFF, 0xFFFF,
 0xFFFF, 0xFFFF, 0x07E0, 0x07E0, 0xFFFF, 0xFFFF, 0xFFFF, 0xFFFF, 0xFFFF, 0xFFFF, 0x07E0, 0x07E0, 0xFFFF, 0xFFFF, 0xFFFF, 0xFFFF,
 0xFFFF, 0xFFFF, 0x07E0, 0x07E0, 0xFFFF, 0xFFFF, 0xFFFF, 0xFFFF, 0xFFFF, 0xFFFF, 0x07E0, 0x07E0, 0xFFFF, 0xFFFF, 0xFFFF, 0xFFFF,
 0xFFFF, 0xFFFF, 0x07E0, 0x07E0, 0xFFFF, 0xFFFF, 0xFFFF, 0xFFFF, 0xFFFF, 0xFFFF, 0x07E0, 0x07E0, 0xFFFF, 0xFFFF, 0xFFFF, 0xFFFF,
 0xFFFF, 0xFFFF, 0x07E0, 0x07E0, 0xFFFF, 0xFFFF, 0xFFFF, 0xFFFF, 0xFFFF, 0xFFFF, 0x07E0, 0x07E0, 0xFFFF, 0xFFFF, 0xFFFF, 0xFFFF,

};

//32x16
const unsigned short greendeath2[] = {
 0xFFFF, 0xFFFF, 0xFFFF, 0xFFFF, 0x07E0, 0x07E0, 0xFFFF, 0xFFFF, 0xFFFF, 0xFFFF, 0xFFFF, 0xFFFF, 0xFFFF, 0xFFFF, 0xFFFF, 0xFFFF,
 0x07E0, 0x07E0, 0xFFFF, 0xFFFF, 0xFFFF, 0xFFFF, 0xFFFF, 0xFFFF, 0xFFFF, 0xFFFF, 0x07E0, 0x07E0, 0xFFFF, 0xFFFF, 0xFFFF, 0xFFFF,
 0xFFFF, 0xFFFF, 0xFFFF, 0xFFFF, 0x07E0, 0x07E0, 0xFFFF, 0xFFFF, 0xFFFF, 0xFFFF, 0xFFFF, 0xFFFF, 0xFFFF, 0xFFFF, 0xFFFF, 0xFFFF,
 0x07E0, 0x07E0, 0xFFFF, 0xFFFF, 0xFFFF, 0xFFFF, 0xFFFF, 0xFFFF, 0xFFFF, 0xFFFF, 0x07E0, 0x07E0, 0xFFFF, 0xFFFF, 0xFFFF, 0xFFFF,
 0xFFFF, 0xFFFF, 0x07E0, 0x07E0, 0x07E0, 0x07E0, 0x07E0, 0x07E0, 0xFFFF, 0xFFFF, 0xFFFF, 0xFFFF, 0xFFFF, 0xFFFF, 0x07E0, 0x07E0,
 0x07E0, 0x07E0, 0x07E0, 0x07E0, 0xFFFF, 0xFFFF, 0xFFFF, 0xFFFF, 0x07E0, 0x07E0, 0x07E0, 0x07E0, 0x07E0, 0x07E0, 0xFFFF, 0xFFFF,
 0xFFFF, 0xFFFF, 0x07E0, 0x07E0, 0x07E0, 0x07E0, 0x07E0, 0x07E0, 0xFFFF, 0xFFFF, 0xFFFF, 0xFFFF, 0xFFFF, 0xFFFF, 0x07E0, 0x07E0,
 0x07E0, 0x07E0, 0x07E0, 0x07E0, 0xFFFF, 0xFFFF, 0xFFFF, 0xFFFF, 0x07E0, 0x07E0, 0x07E0, 0x07E0, 0x07E0, 0x07E0, 0xFFFF, 0xFFFF,
 0x07E0, 0x07E0, 0x001F, 0x001F, 0x07E0, 0x07E0, 0x001F, 0x001F, 0x07E0, 0x07E0, 0xFFFF, 0xFFFF, 0x07E0, 0x07E0, 0x001F, 0x001F,
 0x07E0, 0x07E0, 0x001F, 0x001F, 0x07E0, 0x07E0, 0x07E0, 0x07E0, 0x001F, 0x001F, 0x07E0, 0x07E0, 0x001F, 0x001F, 0x07E0, 0x07E0,
 0x07E0, 0x07E0, 0x001F, 0x001F, 0x07E0, 0x07E0, 0x001F, 0x001F, 0x07E0, 0x07E0, 0xFFFF, 0xFFFF, 0x07E0, 0x07E0, 0x001F, 0x001F,
 0x07E0, 0x07E0, 0x001F, 0x001F, 0x07E0, 0x07E0, 0x07E0, 0x07E0, 0x001F, 0x001F, 0x07E0, 0x07E0, 0x001F, 0x001F, 0x07E0, 0x07E0,
 0x07E0, 0x07E0, 0x001F, 0x001F, 0x001F, 0x001F, 0x001F, 0x001F, 0x07E0, 0x07E0, 0x07E0, 0x07E0, 0x07E0, 0x07E0, 0x001F, 0x001F,
 0x001F, 0x001F, 0x001F, 0x001F, 0x07E0, 0x07E0, 0x07E0, 0x07E0, 0x001F, 0x001F, 0x001F, 0x001F, 0x001F, 0x001F, 0x07E0, 0x07E0,
 0x07E0, 0x07E0, 0x001F, 0x001F, 0x001F, 0x001F, 0x001F, 0x001F, 0x07E0, 0x07E0, 0x07E0, 0x07E0, 0x07E0, 0x07E0, 0x001F, 0x001F,
 0x001F, 0x001F, 0x001F, 0x001F, 0x07E0, 0x07E0, 0x07E0, 0x07E0, 0x001F, 0x001F, 0x001F, 0x001F, 0x001F, 0x001F, 0x07E0, 0x07E0,
 0x001F, 0x001F, 0x001F, 0x001F, 0xC7FF, 0xC7FF, 0x001F, 0x001F, 0x001F, 0x001F, 0x07E0, 0x07E0, 0x001F, 0x001F, 0x001F, 0x001F,
 0xC7FF, 0xC7FF, 0x001F, 0x001F, 0x001F, 0x001F, 0x001F, 0x001F, 0x001F, 0x001F, 0xC7FF, 0xC7FF, 0x001F, 0x001F, 0x001F, 0x001F,
 0x001F, 0x001F, 0x001F, 0x001F, 0xC7FF, 0xC7FF, 0x001F, 0x001F, 0x001F, 0x001F, 0x07E0, 0x07E0, 0x001F, 0x001F, 0x001F, 0x001F,
 0xC7FF, 0xC7FF, 0x001F, 0x001F, 0x001F, 0x001F, 0x001F, 0x001F, 0x001F, 0x001F, 0xC7FF, 0xC7FF, 0x001F, 0x001F, 0x001F, 0x001F,
 0x07E0, 0x07E0, 0x001F, 0x001F, 0x001F, 0x001F, 0x001F, 0x001F, 0x07E0, 0x07E0, 0x07E0, 0x07E0, 0x07E0, 0x07E0, 0x001F, 0x001F,
 0x001F, 0x001F, 0x001F, 0x001F, 0x07E0, 0x07E0, 0x07E0, 0x07E0, 0x001F, 0x001F, 0x001F, 0x001F, 0x001F, 0x001F, 0x07E0, 0x07E0,
 0x07E0, 0x07E0, 0x001F, 0x001F, 0x001F, 0x001F, 0x001F, 0x001F, 0x07E0, 0x07E0, 0x07E0, 0x07E0, 0x07E0, 0x07E0, 0x001F, 0x001F,
 0x001F, 0x001F, 0x001F, 0x001F, 0x07E0, 0x07E0, 0x07E0, 0x07E0, 0x001F, 0x001F, 0x001F, 0x001F, 0x001F, 0x001F, 0x07E0, 0x07E0,
 0xFFFF, 0xFFFF, 0x07E0, 0x07E0, 0x001F, 0x001F, 0x07E0, 0x07E0, 0xFFFF, 0xFFFF, 0xFFFF, 0xFFFF, 0x07E0, 0x07E0, 0x07E0, 0x07E0,
 0x001F, 0x001F, 0x07E0, 0x07E0, 0xFFFF, 0xFFFF, 0xFFFF, 0xFFFF, 0x07E0, 0x07E0, 0x001F, 0x001F, 0x07E0, 0x07E0, 0xFFFF, 0xFFFF,
 0xFFFF, 0xFFFF, 0x07E0, 0x07E0, 0x001F, 0x001F, 0x07E0, 0x07E0, 0xFFFF, 0xFFFF, 0xFFFF, 0xFFFF, 0x07E0, 0x07E0, 0x07E0, 0x07E0,
 0x001F, 0x001F, 0x07E0, 0x07E0, 0xFFFF, 0xFFFF, 0xFFFF, 0xFFFF, 0x07E0, 0x07E0, 0x001F, 0x001F, 0x07E0, 0x07E0, 0xFFFF, 0xFFFF,
 0xFFFF, 0xFFFF, 0xFFFF, 0xFFFF, 0x07E0, 0x07E0, 0xFFFF, 0xFFFF, 0xFFFF, 0xFFFF, 0xFFFF, 0xFFFF, 0xFFFF, 0xFFFF, 0x07E0, 0x07E0,
 0x07E0, 0x07E0, 0xFFFF, 0xFFFF, 0xFFFF, 0xFFFF, 0xFFFF, 0xFFFF, 0xFFFF, 0xFFFF, 0x07E0, 0x07E0, 0xFFFF, 0xFFFF, 0xFFFF, 0xFFFF,
 0xFFFF, 0xFFFF, 0xFFFF, 0xFFFF, 0x07E0, 0x07E0, 0xFFFF, 0xFFFF, 0xFFFF, 0xFFFF, 0xFFFF, 0xFFFF, 0xFFFF, 0xFFFF, 0x07E0, 0x07E0,
 0x07E0, 0x07E0, 0xFFFF, 0xFFFF, 0xFFFF, 0xFFFF, 0xFFFF, 0xFFFF, 0xFFFF, 0xFFFF, 0x07E0, 0x07E0, 0xFFFF, 0xFFFF, 0xFFFF, 0xFFFF,

};

//32x16
const unsigned short greendeath3[] = {
 0xFFFF, 0xFFFF, 0x07E0, 0x07E0, 0xFFFF, 0xFFFF, 0x07E0, 0x07E0, 0xFFFF, 0xFFFF, 0x07E0, 0x07E0, 0xFFFF, 0xFFFF, 0xFFFF, 0xFFFF,
 0xFFFF, 0xFFFF, 0xFFFF, 0xFFFF, 0x07E0, 0x07E0, 0xFFFF, 0xFFFF, 0x07E0, 0x07E0, 0xFFFF, 0xFFFF, 0x07E0, 0x07E0, 0xFFFF, 0xFFFF,
 0xFFFF, 0xFFFF, 0x07E0, 0x07E0, 0xFFFF, 0xFFFF, 0x07E0, 0x07E0, 0xFFFF, 0xFFFF, 0x07E0, 0x07E0, 0xFFFF, 0xFFFF, 0xFFFF, 0xFFFF,
 0xFFFF, 0xFFFF, 0xFFFF, 0xFFFF, 0x07E0, 0x07E0, 0xFFFF, 0xFFFF, 0x07E0, 0x07E0, 0xFFFF, 0xFFFF, 0x07E0, 0x07E0, 0xFFFF, 0xFFFF,
 0x001F, 0x001F, 0x001F, 0x001F, 0x07E0, 0x07E0, 0x07E0, 0x07E0, 0x07E0, 0x07E0, 0x001F, 0x001F, 0x001F, 0x001F, 0xFFFF, 0xFFFF,
 0xFFFF, 0xFFFF, 0x001F, 0x001F, 0x001F, 0x001F, 0x07E0, 0x07E0, 0x07E0, 0x07E0, 0x07E0, 0x07E0, 0x001F, 0x001F, 0x001F, 0x001F,
 0x001F, 0x001F, 0x001F, 0x001F, 0x07E0, 0x07E0, 0x07E0, 0x07E0, 0x07E0, 0x07E0, 0x001F, 0x001F, 0x001F, 0x001F, 0xFFFF, 0xFFFF,
 0xFFFF, 0xFFFF, 0x001F, 0x001F, 0x001F, 0x001F, 0x07E0, 0x07E0, 0x07E0, 0x07E0, 0x07E0, 0x07E0, 0x001F, 0x001F, 0x001F, 0x001F,
 0xFFFF, 0xFFFF, 0x001F, 0x001F, 0x001F, 0x001F, 0x07E0, 0x07E0, 0x001F, 0x001F, 0x001F, 0x001F, 0xC7FF, 0xC7FF, 0x07E0, 0x07E0,
 0x07E0, 0x07E0, 0xC7FF, 0xC7FF, 0x001F, 0x001F, 0x001F, 0x001F, 0x07E0, 0x07E0, 0x001F, 0x001F, 0x001F, 0x001F, 0xFFFF, 0xFFFF,
 0xFFFF, 0xFFFF, 0x001F, 0x001F, 0x001F, 0x001F, 0x07E0, 0x07E0, 0x001F, 0x001F, 0x001F, 0x001F, 0xC7FF, 0xC7FF, 0x07E0, 0x07E0,
 0x07E0, 0x07E0, 0xC7FF, 0xC7FF, 0x001F, 0x001F, 0x001F, 0x001F, 0x07E0, 0x07E0, 0x001F, 0x001F, 0x001F, 0x001F, 0xFFFF, 0xFFFF,
 0x07E0, 0x07E0, 0xC7FF, 0xC7FF, 0x001F, 0x001F, 0x07E0, 0x07E0, 0x001F, 0x001F, 0xC7FF, 0xC7FF, 0x07E0, 0x07E0, 0x07E0, 0x07E0,
 0x07E0, 0x07E0, 0x07E0, 0x07E0, 0xC7FF, 0xC7FF, 0x001F, 0x001F, 0x07E0, 0x07E0, 0x001F, 0x001F, 0xC7FF, 0xC7FF, 0x07E0, 0x07E0,
 0x07E0, 0x07E0, 0xC7FF, 0xC7FF, 0x001F, 0x001F, 0x07E0, 0x07E0, 0x001F, 0x001F, 0xC7FF, 0xC7FF, 0x07E0, 0x07E0, 0x07E0, 0x07E0,
 0x07E0, 0x07E0, 0x07E0, 0x07E0, 0xC7FF, 0xC7FF, 0x001F, 0x001F, 0x07E0, 0x07E0, 0x001F, 0x001F, 0xC7FF, 0xC7FF, 0x07E0, 0x07E0,
 0x001F, 0x001F, 0x001F, 0x001F, 0x001F, 0x001F, 0x001F, 0x001F, 0x001F, 0x001F, 0x001F, 0x001F, 0x001F, 0x001F, 0x07E0, 0x07E0,
 0x07E0, 0x07E0, 0x001F, 0x001F, 0x001F, 0x001F, 0x001F, 0x001F, 0x001F, 0x001F, 0x001F, 0x001F, 0x001F, 0x001F, 0x001F, 0x001F,
 0x001F, 0x001F, 0x001F, 0x001F, 0x001F, 0x001F, 0x001F, 0x001F, 0x001F, 0x001F, 0x001F, 0x001F, 0x001F, 0x001F, 0x07E0, 0x07E0,
 0x07E0, 0x07E0, 0x001F, 0x001F, 0x001F, 0x001F, 0x001F, 0x001F, 0x001F, 0x001F, 0x001F, 0x001F, 0x001F, 0x001F, 0x001F, 0x001F,
 0x07E0, 0x07E0, 0x07E0, 0x07E0, 0x001F, 0x001F, 0x001F, 0x001F, 0x001F, 0x001F, 0x07E0, 0x07E0, 0x07E0, 0x07E0, 0xC7FF, 0xC7FF,
 0xC7FF, 0xC7FF, 0x07E0, 0x07E0, 0x07E0, 0x07E0, 0x001F, 0x001F, 0x001F, 0x001F, 0x001F, 0x001F, 0x07E0, 0x07E0, 0x07E0, 0x07E0,
 0x07E0, 0x07E0, 0x07E0, 0x07E0, 0x001F, 0x001F, 0x001F, 0x001F, 0x001F, 0x001F, 0x07E0, 0x07E0, 0x07E0, 0x07E0, 0xC7FF, 0xC7FF,
 0xC7FF, 0xC7FF, 0x07E0, 0x07E0, 0x07E0, 0x07E0, 0x001F, 0x001F, 0x001F, 0x001F, 0x001F, 0x001F, 0x07E0, 0x07E0, 0x07E0, 0x07E0,
 0xFFFF, 0xFFFF, 0xFFFF, 0xFFFF, 0x07E0, 0x07E0, 0x001F, 0x001F, 0x07E0, 0x07E0, 0xFFFF, 0xFFFF, 0x001F, 0x001F, 0x001F, 0x001F,
 0x001F, 0x001F, 0x001F, 0x001F, 0xFFFF, 0xFFFF, 0x07E0, 0x07E0, 0x001F, 0x001F, 0x07E0, 0x07E0, 0xFFFF, 0xFFFF, 0xFFFF, 0xFFFF,
 0xFFFF, 0xFFFF, 0xFFFF, 0xFFFF, 0x07E0, 0x07E0, 0x001F, 0x001F, 0x07E0, 0x07E0, 0xFFFF, 0xFFFF, 0x001F, 0x001F, 0x001F, 0x001F,
 0x001F, 0x001F, 0x001F, 0x001F, 0xFFFF, 0xFFFF, 0x07E0, 0x07E0, 0x001F, 0x001F, 0x07E0, 0x07E0, 0xFFFF, 0xFFFF, 0xFFFF, 0xFFFF,
 0xFFFF, 0xFFFF, 0xFFFF, 0xFFFF, 0xFFFF, 0xFFFF, 0x07E0, 0x07E0, 0xFFFF, 0xFFFF, 0xFFFF, 0xFFFF, 0xFFFF, 0xFFFF, 0x001F, 0x001F,
 0x001F, 0x001F, 0xFFFF, 0xFFFF, 0xFFFF, 0xFFFF, 0xFFFF, 0xFFFF, 0x07E0, 0x07E0, 0xFFFF, 0xFFFF, 0xFFFF, 0xFFFF, 0xFFFF, 0xFFFF,
 0xFFFF, 0xFFFF, 0xFFFF, 0xFFFF, 0xFFFF, 0xFFFF, 0x07E0, 0x07E0, 0xFFFF, 0xFFFF, 0xFFFF, 0xFFFF, 0xFFFF, 0xFFFF, 0x001F, 0x001F,
 0x001F, 0x001F, 0xFFFF, 0xFFFF, 0xFFFF, 0xFFFF, 0xFFFF, 0xFFFF, 0x07E0, 0x07E0, 0xFFFF, 0xFFFF, 0xFFFF, 0xFFFF, 0xFFFF, 0xFFFF,

};

//32x16
const unsigned short greendeath4[] = {
 0xFFFF, 0xFFFF, 0xFFFF, 0xFFFF, 0x07E0, 0x07E0, 0xFFFF, 0xFFFF, 0x07E0, 0x07E0, 0xFFFF, 0xFFFF, 0xFFFF, 0xFFFF, 0xFFFF, 0xFFFF,
 0xFFFF, 0xFFFF, 0xFFFF, 0xFFFF, 0xFFFF, 0xFFFF, 0x07E0, 0x07E0, 0xFFFF, 0xFFFF, 0x07E0, 0x07E0, 0xFFFF, 0xFFFF, 0xFFFF, 0xFFFF,
 0xFFFF, 0xFFFF, 0xFFFF, 0xFFFF, 0x07E0, 0x07E0, 0xFFFF, 0xFFFF, 0x07E0, 0x07E0, 0xFFFF, 0xFFFF, 0xFFFF, 0xFFFF, 0xFFFF, 0xFFFF,
 0xFFFF, 0xFFFF, 0xFFFF, 0xFFFF, 0xFFFF, 0xFFFF, 0x07E0, 0x07E0, 0xFFFF, 0xFFFF, 0x07E0, 0x07E0, 0xFFFF, 0xFFFF, 0xFFFF, 0xFFFF,
 0xFFFF, 0xFFFF, 0x07E0, 0x07E0, 0x07E0, 0x07E0, 0xC7FF, 0xC7FF, 0x001F, 0x001F, 0x07E0, 0x07E0, 0x07E0, 0x07E0, 0x001F, 0x001F,
 0x001F, 0x001F, 0x07E0, 0x07E0, 0x07E0, 0x07E0, 0x001F, 0x001F, 0xFFFF, 0xFFFF, 0x07E0, 0x07E0, 0x07E0, 0x07E0, 0xFFFF, 0xFFFF,
 0xFFFF, 0xFFFF, 0x07E0, 0x07E0, 0x07E0, 0x07E0, 0xC7FF, 0xC7FF, 0x001F, 0x001F, 0x07E0, 0x07E0, 0x07E0, 0x07E0, 0x001F, 0x001F,
 0x001F, 0x001F, 0x07E0, 0x07E0, 0x07E0, 0x07E0, 0x001F, 0x001F, 0xFFFF, 0xFFFF, 0x07E0, 0x07E0, 0x07E0, 0x07E0, 0xFFFF, 0xFFFF,
 0x07E0, 0x07E0, 0x07E0, 0x07E0, 0x001F, 0x001F, 0x001F, 0x001F, 0x07E0, 0x07E0, 0x001F, 0x001F, 0xC7FF, 0xC7FF, 0x07E0, 0x07E0,
 0x07E0, 0x07E0, 0xC7FF, 0xC7FF, 0x001F, 0x001F, 0x07E0, 0x07E0, 0x001F, 0x001F, 0x001F, 0x001F, 0x07E0, 0x07E0, 0xFFFF, 0xFFFF,
 0x07E0, 0x07E0, 0x07E0, 0x07E0, 0x001F, 0x001F, 0x001F, 0x001F, 0x07E0, 0x07E0, 0x001F, 0x001F, 0xC7FF, 0xC7FF, 0x07E0, 0x07E0,
 0x07E0, 0x07E0, 0xC7FF, 0xC7FF, 0x001F, 0x001F, 0x07E0, 0x07E0, 0x001F, 0x001F, 0x001F, 0x001F, 0x07E0, 0x07E0, 0xFFFF, 0xFFFF,
 0xFFFF, 0xFFFF, 0x001F, 0x001F, 0x07E0, 0x07E0, 0x07E0, 0x07E0, 0xC7FF, 0xC7FF, 0x001F, 0x001F, 0x07E0, 0x07E0, 0xC7FF, 0xC7FF,
 0xC7FF, 0xC7FF, 0x07E0, 0x07E0, 0x001F, 0x001F, 0xC7FF, 0xC7FF, 0x07E0, 0x07E0, 0x07E0, 0x07E0, 0x001F, 0x001F, 0x07E0, 0x07E0,
 0xFFFF, 0xFFFF, 0x001F, 0x001F, 0x07E0, 0x07E0, 0x07E0, 0x07E0, 0xC7FF, 0xC7FF, 0x001F, 0x001F, 0x07E0, 0x07E0, 0xC7FF, 0xC7FF,
 0xC7FF, 0xC7FF, 0x07E0, 0x07E0, 0x001F, 0x001F, 0xC7FF, 0xC7FF, 0x07E0, 0x07E0, 0x07E0, 0x07E0, 0x001F, 0x001F, 0x07E0, 0x07E0,
 0x07E0, 0x07E0, 0x001F, 0x001F, 0x07E0, 0x07E0, 0xC7FF, 0xC7FF, 0x07E0, 0x07E0, 0xC7FF, 0xC7FF, 0x07E0, 0x07E0, 0x001F, 0x001F,
 0x001F, 0x001F, 0x07E0, 0x07E0, 0xC7FF, 0xC7FF, 0x07E0, 0x07E0, 0xC7FF, 0xC7FF, 0x07E0, 0x07E0, 0x001F, 0x001F, 0xFFFF, 0xFFFF,
 0x07E0, 0x07E0, 0x001F, 0x001F, 0x07E0, 0x07E0, 0xC7FF, 0xC7FF, 0x07E0, 0x07E0, 0xC7FF, 0xC7FF, 0x07E0, 0x07E0, 0x001F, 0x001F,
 0x001F, 0x001F, 0x07E0, 0x07E0, 0xC7FF, 0xC7FF, 0x07E0, 0x07E0, 0xC7FF, 0xC7FF, 0x07E0, 0x07E0, 0x001F, 0x001F, 0xFFFF, 0xFFFF,
 0xFFFF, 0xFFFF, 0x07E0, 0x07E0, 0x001F, 0x001F, 0x07E0, 0x07E0, 0xC7FF, 0xC7FF, 0x07E0, 0x07E0, 0x001F, 0x001F, 0x07E0, 0x07E0,
 0x07E0, 0x07E0, 0x001F, 0x001F, 0x07E0, 0x07E0, 0xC7FF, 0xC7FF, 0x07E0, 0x07E0, 0x001F, 0x001F, 0x07E0, 0x07E0, 0x07E0, 0x07E0,
 0xFFFF, 0xFFFF, 0x07E0, 0x07E0, 0x001F, 0x001F, 0x07E0, 0x07E0, 0xC7FF, 0xC7FF, 0x07E0, 0x07E0, 0x001F, 0x001F, 0x07E0, 0x07E0,
 0x07E0, 0x07E0, 0x001F, 0x001F, 0x07E0, 0x07E0, 0xC7FF, 0xC7FF, 0x07E0, 0x07E0, 0x001F, 0x001F, 0x07E0, 0x07E0, 0x07E0, 0x07E0,
 0xFFFF, 0xFFFF, 0x07E0, 0x07E0, 0x07E0, 0x07E0, 0x001F, 0x001F, 0x07E0, 0x07E0, 0xFFFF, 0xFFFF, 0x07E0, 0x07E0, 0x07E0, 0x07E0,
 0x07E0, 0x07E0, 0x07E0, 0x07E0, 0xC7FF, 0xC7FF, 0x07E0, 0x07E0, 0x001F, 0x001F, 0x07E0, 0x07E0, 0x07E0, 0x07E0, 0xFFFF, 0xFFFF,
 0xFFFF, 0xFFFF, 0x07E0, 0x07E0, 0x07E0, 0x07E0, 0x001F, 0x001F, 0x07E0, 0x07E0, 0xFFFF, 0xFFFF, 0x07E0, 0x07E0, 0x07E0, 0x07E0,
 0x07E0, 0x07E0, 0x07E0, 0x07E0, 0xC7FF, 0xC7FF, 0x07E0, 0x07E0, 0x001F, 0x001F, 0x07E0, 0x07E0, 0x07E0, 0x07E0, 0xFFFF, 0xFFFF,
 0xFFFF, 0xFFFF, 0xFFFF, 0xFFFF, 0xFFFF, 0xFFFF, 0x07E0, 0x07E0, 0xFFFF, 0xFFFF, 0xFFFF, 0xFFFF, 0x07E0, 0x07E0, 0xFFFF, 0xFFFF,
 0xFFFF, 0xFFFF, 0x07E0, 0x07E0, 0xFFFF, 0xFFFF, 0xFFFF, 0xFFFF, 0x07E0, 0x07E0, 0xFFFF, 0xFFFF, 0xFFFF, 0xFFFF, 0xFFFF, 0xFFFF,
 0xFFFF, 0xFFFF, 0xFFFF, 0xFFFF, 0xFFFF, 0xFFFF, 0x07E0, 0x07E0, 0xFFFF, 0xFFFF, 0xFFFF, 0xFFFF, 0x07E0, 0x07E0, 0xFFFF, 0xFFFF,
 0xFFFF, 0xFFFF, 0x07E0, 0x07E0, 0xFFFF, 0xFFFF, 0xFFFF, 0xFFFF, 0x07E0, 0x07E0, 0xFFFF, 0xFFFF, 0xFFFF, 0xFFFF, 0xFFFF, 0xFFFF,

};

//28x14
const unsigned short greendeath5[] = {
 0xFFFF, 0xFFFF, 0x07E0, 0x07E0, 0xFFFF, 0xFFFF, 0xFFFF, 0xFFFF, 0xFFFF, 0xFFFF, 0xFFFF, 0xFFFF, 0x07E0, 0x07E0, 0x07E0, 0x07E0,
 0xFFFF, 0xFFFF, 0xFFFF, 0xFFFF, 0xFFFF, 0xFFFF, 0xFFFF, 0xFFFF, 0x07E0, 0x07E0, 0xFFFF, 0xFFFF, 0xFFFF, 0xFFFF, 0x07E0, 0x07E0,
 0xFFFF, 0xFFFF, 0xFFFF, 0xFFFF, 0xFFFF, 0xFFFF, 0xFFFF, 0xFFFF, 0x07E0, 0x07E0, 0x07E0, 0x07E0, 0xFFFF, 0xFFFF, 0xFFFF, 0xFFFF,
 0xFFFF, 0xFFFF, 0xFFFF, 0xFFFF, 0x07E0, 0x07E0, 0xFFFF, 0xFFFF, 0x07E0, 0x07E0, 0x001F, 0x001F, 0x07E0, 0x07E0, 0x07E0, 0x07E0,
 0xFFFF, 0xFFFF, 0x07E0, 0x07E0, 0xC7FF, 0xC7FF, 0x07E0, 0x07E0, 0x07E0, 0x07E0, 0xFFFF, 0xFFFF, 0x07E0, 0x07E0, 0x07E0, 0x07E0,
 0x001F, 0x001F, 0x07E0, 0x07E0, 0x07E0, 0x07E0, 0x001F, 0x001F, 0x07E0, 0x07E0, 0x07E0, 0x07E0, 0xFFFF, 0xFFFF, 0x07E0, 0x07E0,
 0xC7FF, 0xC7FF, 0x07E0, 0x07E0, 0x07E0, 0x07E0, 0xFFFF, 0xFFFF, 0x07E0, 0x07E0, 0x07E0, 0x07E0, 0x001F, 0x001F, 0x07E0, 0x07E0,
 0xFFFF, 0xFFFF, 0x001F, 0x001F, 0xC7FF, 0xC7FF, 0x07E0, 0x07E0, 0x001F, 0x001F, 0xC7FF, 0xC7FF, 0x07E0, 0x07E0, 0x001F, 0x001F,
 0x001F, 0x001F, 0xC7FF, 0xC7FF, 0x07E0, 0x07E0, 0xC7FF, 0xC7FF, 0x001F, 0x001F, 0xFFFF, 0xFFFF, 0xFFFF, 0xFFFF, 0x001F, 0x001F,
 0xC7FF, 0xC7FF, 0x07E0, 0x07E0, 0x001F, 0x001F, 0xC7FF, 0xC7FF, 0x07E0, 0x07E0, 0x001F, 0x001F, 0x001F, 0x001F, 0xC7FF, 0xC7FF,
 0x07E0, 0x07E0, 0xC7FF, 0xC7FF, 0x001F, 0x001F, 0xFFFF, 0xFFFF, 0xFFFF, 0xFFFF, 0xC7FF, 0xC7FF, 0x001F, 0x001F, 0x001F, 0x001F,
 0xC7FF, 0xC7FF, 0x07E0, 0x07E0, 0x001F, 0x001F, 0xC7FF, 0xC7FF, 0x07E0, 0x07E0, 0xC7FF, 0xC7FF, 0x001F, 0x001F, 0x001F, 0x001F,
 0xC7FF, 0xC7FF, 0xFFFF, 0xFFFF, 0xFFFF, 0xFFFF, 0xC7FF, 0xC7FF, 0x001F, 0x001F, 0x001F, 0x001F, 0xC7FF, 0xC7FF, 0x07E0, 0x07E0,
 0x001F, 0x001F, 0xC7FF, 0xC7FF, 0x07E0, 0x07E0, 0xC7FF, 0xC7FF, 0x001F, 0x001F, 0x001F, 0x001F, 0xC7FF, 0xC7FF, 0xFFFF, 0xFFFF,
 0x07E0, 0x07E0, 0x001F, 0x001F, 0x07E0, 0x07E0, 0x07E0, 0x07E0, 0x07E0, 0x07E0, 0x07E0, 0x07E0, 0x07E0, 0x07E0, 0xC7FF, 0xC7FF,
 0x001F, 0x001F, 0x07E0, 0x07E0, 0x07E0, 0x07E0, 0x07E0, 0x07E0, 0x001F, 0x001F, 0x07E0, 0x07E0, 0x07E0, 0x07E0, 0x001F, 0x001F,
 0x07E0, 0x07E0, 0x07E0, 0x07E0, 0x07E0, 0x07E0, 0x07E0, 0x07E0, 0x07E0, 0x07E0, 0xC7FF, 0xC7FF, 0x001F, 0x001F, 0x07E0, 0x07E0,
 0x07E0, 0x07E0, 0x07E0, 0x07E0, 0x001F, 0x001F, 0x07E0, 0x07E0, 0xFFFF, 0xFFFF, 0x07E0, 0x07E0, 0xFFFF, 0xFFFF, 0xFFFF, 0xFFFF,
 0xFFFF, 0xFFFF, 0x07E0, 0x07E0, 0x001F, 0x001F, 0x001F, 0x001F, 0x07E0, 0x07E0, 0xFFFF, 0xFFFF, 0xFFFF, 0xFFFF, 0xFFFF, 0xFFFF,
 0x07E0, 0x07E0, 0xFFFF, 0xFFFF, 0xFFFF, 0xFFFF, 0x07E0, 0x07E0, 0xFFFF, 0xFFFF, 0xFFFF, 0xFFFF, 0xFFFF, 0xFFFF, 0x07E0, 0x07E0,
 0x001F, 0x001F, 0x001F, 0x001F, 0x07E0, 0x07E0, 0xFFFF, 0xFFFF, 0xFFFF, 0xFFFF, 0xFFFF, 0xFFFF, 0x07E0, 0x07E0, 0xFFFF, 0xFFFF,
 0xFFFF, 0xFFFF, 0xFFFF, 0xFFFF, 0xFFFF, 0xFFFF, 0xFFFF, 0xFFFF, 0xFFFF, 0xFFFF, 0xFFFF, 0xFFFF, 0x07E0, 0x07E0, 0x07E0, 0x07E0,
 0xFFFF, 0xFFFF, 0xFFFF, 0xFFFF, 0xFFFF, 0xFFFF, 0xFFFF, 0xFFFF, 0xFFFF, 0xFFFF, 0xFFFF, 0xFFFF, 0xFFFF, 0xFFFF, 0xFFFF, 0xFFFF,
 0xFFFF, 0xFFFF, 0xFFFF, 0xFFFF, 0xFFFF, 0xFFFF, 0xFFFF, 0xFFFF, 0x07E0, 0x07E0, 0x07E0, 0x07E0, 0xFFFF, 0xFFFF, 0xFFFF, 0xFFFF,
 0xFFFF, 0xFFFF, 0xFFFF, 0xFFFF, 0xFFFF, 0xFFFF, 0xFFFF, 0xFFFF,
};

//24x14
const unsigned short greendeath6[] = {
 0xFFFF, 0xFFFF, 0xFFFF, 0xFFFF, 0xFFFF, 0xFFFF, 0x001F, 0x001F, 0xFFFF, 0xFFFF, 0x07E0, 0x07E0, 0x001F, 0x001F, 0xFFFF, 0xFFFF,
 0x07E0, 0x07E0, 0xFFFF, 0xFFFF, 0xFFFF, 0xFFFF, 0xFFFF, 0xFFFF, 0xFFFF, 0xFFFF, 0xFFFF, 0xFFFF, 0xFFFF, 0xFFFF, 0x001F, 0x001F,
 0xFFFF, 0xFFFF, 0x07E0, 0x07E0, 0x001F, 0x001F, 0xFFFF, 0xFFFF, 0x07E0, 0x07E0, 0xFFFF, 0xFFFF, 0xFFFF, 0xFFFF, 0xFFFF, 0xFFFF,
 0xFFFF, 0xFFFF, 0xFFFF, 0xFFFF, 0x001F, 0x001F, 0xC7FF, 0xC7FF, 0x07E0, 0x07E0, 0xC7FF, 0xC7FF, 0xC7FF, 0xC7FF, 0x001F, 0x001F,
 0xC7FF, 0xC7FF, 0x07E0, 0x07E0, 0xFFFF, 0xFFFF, 0xFFFF, 0xFFFF, 0xFFFF, 0xFFFF, 0xFFFF, 0xFFFF, 0x001F, 0x001F, 0xC7FF, 0xC7FF,
 0x07E0, 0x07E0, 0xC7FF, 0xC7FF, 0xC7FF, 0xC7FF, 0x001F, 0x001F, 0xC7FF, 0xC7FF, 0x07E0, 0x07E0, 0xFFFF, 0xFFFF, 0xFFFF, 0xFFFF,
 0x001F, 0x001F, 0x07E0, 0x07E0, 0x07E0, 0x07E0, 0x07E0, 0x07E0, 0x07E0, 0x07E0, 0xC7FF, 0xC7FF, 0x001F, 0x001F, 0xC7FF, 0xC7FF,
 0xC7FF, 0xC7FF, 0xC7FF, 0xC7FF, 0x001F, 0x001F, 0x07E0, 0x07E0, 0x001F, 0x001F, 0x07E0, 0x07E0, 0x07E0, 0x07E0, 0x07E0, 0x07E0,
 0x07E0, 0x07E0, 0xC7FF, 0xC7FF, 0x001F, 0x001F, 0xC7FF, 0xC7FF, 0xC7FF, 0xC7FF, 0xC7FF, 0xC7FF, 0x001F, 0x001F, 0x07E0, 0x07E0,
 0x07E0, 0x07E0, 0x001F, 0x001F, 0xC7FF, 0xC7FF, 0xC7FF, 0xC7FF, 0xFFFF, 0xFFFF, 0x001F, 0x001F, 0xC7FF, 0xC7FF, 0x07E0, 0x07E0,
 0x07E0, 0x07E0, 0x07E0, 0x07E0, 0x07E0, 0x07E0, 0x001F, 0x001F, 0x07E0, 0x07E0, 0x001F, 0x001F, 0xC7FF, 0xC7FF, 0xC7FF, 0xC7FF,
 0xFFFF, 0xFFFF, 0x001F, 0x001F, 0xC7FF, 0xC7FF, 0x07E0, 0x07E0, 0x07E0, 0x07E0, 0x07E0, 0x07E0, 0x07E0, 0x07E0, 0x001F, 0x001F,
 0xFFFF, 0xFFFF, 0xFFFF, 0xFFFF, 0x07E0, 0x07E0, 0xC7FF, 0xC7FF, 0x001F, 0x001F, 0xC7FF, 0xC7FF, 0xC7FF, 0xC7FF, 0x07E0, 0x07E0,
 0xC7FF, 0xC7FF, 0x001F, 0x001F, 0xFFFF, 0xFFFF, 0xFFFF, 0xFFFF, 0xFFFF, 0xFFFF, 0xFFFF, 0xFFFF, 0x07E0, 0x07E0, 0xC7FF, 0xC7FF,
 0x001F, 0x001F, 0xC7FF, 0xC7FF, 0xC7FF, 0xC7FF, 0x07E0, 0x07E0, 0xC7FF, 0xC7FF, 0x001F, 0x001F, 0xFFFF, 0xFFFF, 0xFFFF, 0xFFFF,
 0xFFFF, 0xFFFF, 0xFFFF, 0xFFFF, 0xFFFF, 0xFFFF, 0x07E0, 0x07E0, 0xFFFF, 0xFFFF, 0x001F, 0x001F, 0x07E0, 0x07E0, 0xFFFF, 0xFFFF,
 0x001F, 0x001F, 0xFFFF, 0xFFFF, 0xFFFF, 0xFFFF, 0xFFFF, 0xFFFF, 0xFFFF, 0xFFFF, 0xFFFF, 0xFFFF, 0xFFFF, 0xFFFF, 0x07E0, 0x07E0,
 0xFFFF, 0xFFFF, 0x001F, 0x001F, 0x07E0, 0x07E0, 0xFFFF, 0xFFFF, 0x001F, 0x001F, 0xFFFF, 0xFFFF, 0xFFFF, 0xFFFF, 0xFFFF, 0xFFFF,
 0xFFFF, 0xFFFF, 0xFFFF, 0xFFFF, 0xFFFF, 0xFFFF, 0xFFFF, 0xFFFF, 0xC7FF, 0xC7FF, 0xFFFF, 0xFFFF, 0xFFFF, 0xFFFF, 0xFFFF, 0xFFFF,
 0xFFFF, 0xFFFF, 0xFFFF, 0xFFFF, 0xFFFF, 0xFFFF, 0xFFFF, 0xFFFF, 0xFFFF, 0xFFFF, 0xFFFF, 0xFFFF, 0xFFFF, 0xFFFF, 0xFFFF, 0xFFFF,
 0xC7FF, 0xC7FF, 0xFFFF, 0xFFFF, 0xFFFF, 0xFFFF, 0xFFFF, 0xFFFF, 0xFFFF, 0xFFFF, 0xFFFF, 0xFFFF, 0xFFFF, 0xFFFF, 0xFFFF, 0xFFFF,

};

//16x12
const unsigned short greendeath7[] = {
 0xFFFF, 0xFFFF, 0xFFFF, 0xFFFF, 0x07E0, 0x07E0, 0xFFFF, 0xFFFF, 0x001F, 0x001F, 0xFFFF, 0xFFFF, 0xFFFF, 0xFFFF, 0xFFFF, 0xFFFF,
 0xFFFF, 0xFFFF, 0xFFFF, 0xFFFF, 0x07E0, 0x07E0, 0xFFFF, 0xFFFF, 0x001F, 0x001F, 0xFFFF, 0xFFFF, 0xFFFF, 0xFFFF, 0xFFFF, 0xFFFF,
 0x07E0, 0x07E0, 0xFFFF, 0xFFFF, 0xC7FF, 0xC7FF, 0x07E0, 0x07E0, 0xC7FF, 0xC7FF, 0x07E0, 0x07E0, 0xFFFF, 0xFFFF, 0xFFFF, 0xFFFF,
 0x07E0, 0x07E0, 0xFFFF, 0xFFFF, 0xC7FF, 0xC7FF, 0x07E0, 0x07E0, 0xC7FF, 0xC7FF, 0x07E0, 0x07E0, 0xFFFF, 0xFFFF, 0xFFFF, 0xFFFF,
 0x001F, 0x001F, 0x001F, 0x001F, 0x07E0, 0x07E0, 0xC7FF, 0xC7FF, 0xC7FF, 0xC7FF, 0x07E0, 0x07E0, 0xFFFF, 0xFFFF, 0x001F, 0x001F,
 0x001F, 0x001F, 0x001F, 0x001F, 0x07E0, 0x07E0, 0xC7FF, 0xC7FF, 0xC7FF, 0xC7FF, 0x07E0, 0x07E0, 0xFFFF, 0xFFFF, 0x001F, 0x001F,
 0xFFFF, 0xFFFF, 0xFFFF, 0xFFFF, 0x07E0, 0x07E0, 0xC7FF, 0xC7FF, 0x07E0, 0x07E0, 0xC7FF, 0xC7FF, 0xFFFF, 0xFFFF, 0x07E0, 0x07E0,
 0xFFFF, 0xFFFF, 0xFFFF, 0xFFFF, 0x07E0, 0x07E0, 0xC7FF, 0xC7FF, 0x07E0, 0x07E0, 0xC7FF, 0xC7FF, 0xFFFF, 0xFFFF, 0x07E0, 0x07E0,
 0xFFFF, 0xFFFF, 0xFFFF, 0xFFFF, 0xFFFF, 0xFFFF, 0x001F, 0x001F, 0xFFFF, 0xFFFF, 0x07E0, 0x07E0, 0xFFFF, 0xFFFF, 0xFFFF, 0xFFFF,
 0xFFFF, 0xFFFF, 0xFFFF, 0xFFFF, 0xFFFF, 0xFFFF, 0x001F, 0x001F, 0xFFFF, 0xFFFF, 0x07E0, 0x07E0, 0xFFFF, 0xFFFF, 0xFFFF, 0xFFFF,
 0xFFFF, 0xFFFF, 0xFFFF, 0xFFFF, 0xFFFF, 0xFFFF, 0xFFFF, 0xFFFF, 0xFFFF, 0xFFFF, 0xFFFF, 0xFFFF, 0x001F, 0x001F, 0xFFFF, 0xFFFF,
 0xFFFF, 0xFFFF, 0xFFFF, 0xFFFF, 0xFFFF, 0xFFFF, 0xFFFF, 0xFFFF, 0xFFFF, 0xFFFF, 0xFFFF, 0xFFFF, 0x001F, 0x001F, 0xFFFF, 0xFFFF,

};

//10x6
const unsigned short greendeath8[] = {
 0xFFFF, 0xFFFF, 0x001F, 0x001F, 0x07E0, 0x07E0, 0x07E0, 0x07E0, 0xFFFF, 0xFFFF, 0xFFFF, 0xFFFF, 0x001F, 0x001F, 0x07E0, 0x07E0,
 0x07E0, 0x07E0, 0xFFFF, 0xFFFF, 0x001F, 0x001F, 0x001F, 0x001F, 0x07E0, 0x07E0, 0xC7FF, 0xC7FF, 0x001F, 0x001F, 0x001F, 0x001F,
 0x001F, 0x001F, 0x07E0, 0x07E0, 0xC7FF, 0xC7FF, 0x001F, 0x001F, 0xFFFF, 0xFFFF, 0x07E0, 0x07E0, 0xFFFF, 0xFFFF, 0x07E0, 0x07E0,
 0xFFFF, 0xFFFF, 0xFFFF, 0xFFFF, 0x07E0, 0x07E0, 0xFFFF, 0xFFFF, 0x07E0, 0x07E0, 0xFFFF, 0xFFFF,
};

//18x16
const unsigned short greenflea1[] = {
 0xFFFF, 0xFFFF, 0xFFFF, 0xFFFF, 0x07E0, 0x07E0, 0xFFFF, 0xFFFF, 0x07E0, 0x07E0, 0xFFFF, 0xFFFF, 0xFFFF, 0xFFFF, 0xFFFF, 0xFFFF,
 0x07E0, 0x07E0, 0xFFFF, 0xFFFF, 0xFFFF, 0xFFFF, 0x07E0, 0x07E0, 0xFFFF, 0xFFFF, 0x07E0, 0x07E0, 0xFFFF, 0xFFFF, 0xFFFF, 0xFFFF,
 0xFFFF, 0xFFFF, 0x07E0, 0x07E0, 0xFFFF, 0xFFFF, 0xFFFF, 0xFFFF, 0xFFFF, 0xFFFF, 0x07E0, 0x07E0, 0xFFFF, 0xFFFF, 0x07E0, 0x07E0,
 0xFFFF, 0xFFFF, 0x07E0, 0x07E0, 0xFFFF, 0xFFFF, 0xFFFF, 0xFFFF, 0xFFFF, 0xFFFF, 0xFFFF, 0xFFFF, 0x07E0, 0x07E0, 0xFFFF, 0xFFFF,
 0x07E0, 0x07E0, 0xFFFF, 0xFFFF, 0x07E0, 0x07E0, 0xFFFF, 0xFFFF, 0xFFFF, 0xFFFF, 0xFFFF, 0xFFFF, 0xFFFF, 0xFFFF, 0x07E0, 0x07E0,
 0xFFFF, 0xFFFF, 0x07E0, 0x07E0, 0xFFFF, 0xFFFF, 0xC7FF, 0xC7FF, 0xC7FF, 0xC7FF, 0xFFFF, 0xFFFF, 0xFFFF, 0xFFFF, 0xFFFF, 0xFFFF,
 0x07E0, 0x07E0, 0xFFFF, 0xFFFF, 0x07E0, 0x07E0, 0xFFFF, 0xFFFF, 0xC7FF, 0xC7FF, 0xC7FF, 0xC7FF, 0xC7FF, 0xC7FF, 0xC7FF, 0xC7FF,
 0xC7FF, 0xC7FF, 0x07E0, 0x07E0, 0xFFFF, 0xFFFF, 0x07E0, 0x07E0, 0xC7FF, 0xC7FF, 0xC7FF, 0xC7FF, 0xC7FF, 0xC7FF, 0xC7FF, 0xC7FF,
 0xC7FF, 0xC7FF, 0xC7FF, 0xC7FF, 0x07E0, 0x07E0, 0xFFFF, 0xFFFF, 0x07E0, 0x07E0, 0xC7FF, 0xC7FF, 0xC7FF, 0xC7FF, 0xC7FF, 0xC7FF,
 0xC7FF, 0xC7FF, 0xC7FF, 0xC7FF, 0xC7FF, 0xC7FF, 0xC7FF, 0xC7FF, 0xC7FF, 0xC7FF, 0xC7FF, 0xC7FF, 0xC7FF, 0xC7FF, 0xC7FF, 0xC7FF,
 0xC7FF, 0xC7FF, 0xC7FF, 0xC7FF, 0xC7FF, 0xC7FF, 0xC7FF, 0xC7FF, 0xC7FF, 0xC7FF, 0xC7FF, 0xC7FF, 0xC7FF, 0xC7FF, 0xC7FF, 0xC7FF,
 0xC7FF, 0xC7FF, 0xC7FF, 0xC7FF, 0xFFFF, 0xFFFF, 0x001F, 0x001F, 0x001F, 0x001F, 0xC7FF, 0xC7FF, 0xC7FF, 0xC7FF, 0xC7FF, 0xC7FF,
 0xC7FF, 0xC7FF, 0xC7FF, 0xC7FF, 0xFFFF, 0xFFFF, 0xFFFF, 0xFFFF, 0x001F, 0x001F, 0x001F, 0x001F, 0xC7FF, 0xC7FF, 0xC7FF, 0xC7FF,
 0xC7FF, 0xC7FF, 0xC7FF, 0xC7FF, 0xC7FF, 0xC7FF, 0xFFFF, 0xFFFF, 0xFFFF, 0xFFFF, 0xFFFF, 0xFFFF, 0x001F, 0x001F, 0xC7FF, 0xC7FF,
 0xC7FF, 0xC7FF, 0xC7FF, 0xC7FF, 0xC7FF, 0xC7FF, 0xFFFF, 0xFFFF, 0xFFFF, 0xFFFF, 0xFFFF, 0xFFFF, 0xFFFF, 0xFFFF, 0x001F, 0x001F,
 0xC7FF, 0xC7FF, 0xC7FF, 0xC7FF, 0xC7FF, 0xC7FF, 0xC7FF, 0xC7FF, 0xFFFF, 0xFFFF, 0xFFFF, 0xFFFF, 0xFFFF, 0xFFFF, 0xFFFF, 0xFFFF,
 0xFFFF, 0xFFFF, 0xC7FF, 0xC7FF, 0xC7FF, 0xC7FF, 0xC7FF, 0xC7FF, 0xFFFF, 0xFFFF, 0xFFFF, 0xFFFF, 0xFFFF, 0xFFFF, 0xFFFF, 0xFFFF,
 0xFFFF, 0xFFFF, 0xFFFF, 0xFFFF, 0xC7FF, 0xC7FF, 0xC7FF, 0xC7FF, 0xC7FF, 0xC7FF, 0xFFFF, 0xFFFF, 0xFFFF, 0xFFFF, 0xFFFF, 0xFFFF,

};

//18x16
const unsigned short greenflea2[] = {
 0xFFFF, 0xFFFF, 0xFFFF, 0xFFFF, 0xFFFF, 0xFFFF, 0xFFFF, 0xFFFF, 0x07E0, 0x07E0, 0xFFFF, 0xFFFF, 0xFFFF, 0xFFFF, 0x07E0, 0x07E0,
 0xFFFF, 0xFFFF, 0xFFFF, 0xFFFF, 0xFFFF, 0xFFFF, 0xFFFF, 0xFFFF, 0xFFFF, 0xFFFF, 0x07E0, 0x07E0, 0xFFFF, 0xFFFF, 0xFFFF, 0xFFFF,
 0x07E0, 0x07E0, 0xFFFF, 0xFFFF, 0xFFFF, 0xFFFF, 0xFFFF, 0xFFFF, 0xFFFF, 0xFFFF, 0x07E0, 0x07E0, 0xFFFF, 0xFFFF, 0xFFFF, 0xFFFF,
 0x07E0, 0x07E0, 0xFFFF, 0xFFFF, 0x07E0, 0x07E0, 0xFFFF, 0xFFFF, 0xFFFF, 0xFFFF, 0xFFFF, 0xFFFF, 0x07E0, 0x07E0, 0xFFFF, 0xFFFF,
 0xFFFF, 0xFFFF, 0x07E0, 0x07E0, 0xFFFF, 0xFFFF, 0x07E0, 0x07E0, 0xFFFF, 0xFFFF, 0xFFFF, 0xFFFF, 0xFFFF, 0xFFFF, 0x07E0, 0x07E0,
 0xFFFF, 0xFFFF, 0x07E0, 0x07E0, 0xFFFF, 0xFFFF, 0xC7FF, 0xC7FF, 0xC7FF, 0xC7FF, 0xFFFF, 0xFFFF, 0xFFFF, 0xFFFF, 0xFFFF, 0xFFFF,
 0x07E0, 0x07E0, 0xFFFF, 0xFFFF, 0x07E0, 0x07E0, 0xFFFF, 0xFFFF, 0xC7FF, 0xC7FF, 0xC7FF, 0xC7FF, 0xC7FF, 0xC7FF, 0xC7FF, 0xC7FF,
 0xC7FF, 0xC7FF, 0xFFFF, 0xFFFF, 0x07E0, 0x07E0, 0xFFFF, 0xFFFF, 0xC7FF, 0xC7FF, 0xC7FF, 0xC7FF, 0xC7FF, 0xC7FF, 0xC7FF, 0xC7FF,
 0xC7FF, 0xC7FF, 0xC7FF, 0xC7FF, 0xFFFF, 0xFFFF, 0x07E0, 0x07E0, 0xFFFF, 0xFFFF, 0xC7FF, 0xC7FF, 0xC7FF, 0xC7FF, 0xC7FF, 0xC7FF,
 0xC7FF, 0xC7FF, 0xC7FF, 0xC7FF, 0xC7FF, 0xC7FF, 0xC7FF, 0xC7FF, 0xC7FF, 0xC7FF, 0xC7FF, 0xC7FF, 0xC7FF, 0xC7FF, 0xC7FF, 0xC7FF,
 0xC7FF, 0xC7FF, 0xC7FF, 0xC7FF, 0xC7FF, 0xC7FF, 0xC7FF, 0xC7FF, 0xC7FF, 0xC7FF, 0xC7FF, 0xC7FF, 0xC7FF, 0xC7FF, 0xC7FF, 0xC7FF,
 0xC7FF, 0xC7FF, 0xC7FF, 0xC7FF, 0xFFFF, 0xFFFF, 0x001F, 0x001F, 0x001F, 0x001F, 0xC7FF, 0xC7FF, 0xC7FF, 0xC7FF, 0xC7FF, 0xC7FF,
 0xC7FF, 0xC7FF, 0xC7FF, 0xC7FF, 0xFFFF, 0xFFFF, 0xFFFF, 0xFFFF, 0x001F, 0x001F, 0x001F, 0x001F, 0xC7FF, 0xC7FF, 0xC7FF, 0xC7FF,
 0xC7FF, 0xC7FF, 0xC7FF, 0xC7FF, 0xC7FF, 0xC7FF, 0xFFFF, 0xFFFF, 0xFFFF, 0xFFFF, 0xFFFF, 0xFFFF, 0x001F, 0x001F, 0xC7FF, 0xC7FF,
 0xC7FF, 0xC7FF, 0xC7FF, 0xC7FF, 0xC7FF, 0xC7FF, 0xFFFF, 0xFFFF, 0xFFFF, 0xFFFF, 0xFFFF, 0xFFFF, 0xFFFF, 0xFFFF, 0x001F, 0x001F,
 0xC7FF, 0xC7FF, 0xC7FF, 0xC7FF, 0xC7FF, 0xC7FF, 0xC7FF, 0xC7FF, 0xFFFF, 0xFFFF, 0xFFFF, 0xFFFF, 0xFFFF, 0xFFFF, 0xFFFF, 0xFFFF,
 0xFFFF, 0xFFFF, 0xC7FF, 0xC7FF, 0xC7FF, 0xC7FF, 0xC7FF, 0xC7FF, 0xFFFF, 0xFFFF, 0xFFFF, 0xFFFF, 0xFFFF, 0xFFFF, 0xFFFF, 0xFFFF,
 0xFFFF, 0xFFFF, 0xFFFF, 0xFFFF, 0xC7FF, 0xC7FF, 0xC7FF, 0xC7FF, 0xC7FF, 0xC7FF, 0xFFFF, 0xFFFF, 0xFFFF, 0xFFFF, 0xFFFF, 0xFFFF,

};

//18x16
const unsigned short greenflea3[] = {
 0xFFFF, 0xFFFF, 0xFFFF, 0xFFFF, 0x07E0, 0x07E0, 0xFFFF, 0xFFFF, 0x07E0, 0x07E0, 0xFFFF, 0xFFFF, 0xFFFF, 0xFFFF, 0x07E0, 0x07E0,
 0xFFFF, 0xFFFF, 0xFFFF, 0xFFFF, 0xFFFF, 0xFFFF, 0x07E0, 0x07E0, 0xFFFF, 0xFFFF, 0x07E0, 0x07E0, 0xFFFF, 0xFFFF, 0xFFFF, 0xFFFF,
 0x07E0, 0x07E0, 0xFFFF, 0xFFFF, 0xFFFF, 0xFFFF, 0xFFFF, 0xFFFF, 0x07E0, 0x07E0, 0xFFFF, 0xFFFF, 0xFFFF, 0xFFFF, 0x07E0, 0x07E0,
 0xFFFF, 0xFFFF, 0xFFFF, 0xFFFF, 0x07E0, 0x07E0, 0xFFFF, 0xFFFF, 0xFFFF, 0xFFFF, 0x07E0, 0x07E0, 0xFFFF, 0xFFFF, 0xFFFF, 0xFFFF,
 0x07E0, 0x07E0, 0xFFFF, 0xFFFF, 0xFFFF, 0xFFFF, 0x07E0, 0x07E0, 0xFFFF, 0xFFFF, 0xFFFF, 0xFFFF, 0xFFFF, 0xFFFF, 0x07E0, 0x07E0,
 0xFFFF, 0xFFFF, 0xFFFF, 0xFFFF, 0x07E0, 0x07E0, 0xC7FF, 0xC7FF, 0xC7FF, 0xC7FF, 0xFFFF, 0xFFFF, 0xFFFF, 0xFFFF, 0xFFFF, 0xFFFF,
 0x07E0, 0x07E0, 0xFFFF, 0xFFFF, 0xFFFF, 0xFFFF, 0x07E0, 0x07E0, 0xC7FF, 0xC7FF, 0xC7FF, 0xC7FF, 0xC7FF, 0xC7FF, 0xC7FF, 0xC7FF,
 0xC7FF, 0xC7FF, 0xFFFF, 0xFFFF, 0x07E0, 0x07E0, 0xFFFF, 0xFFFF, 0xC7FF, 0xC7FF, 0xC7FF, 0xC7FF, 0xC7FF, 0xC7FF, 0xC7FF, 0xC7FF,
 0xC7FF, 0xC7FF, 0xC7FF, 0xC7FF, 0xFFFF, 0xFFFF, 0x07E0, 0x07E0, 0xFFFF, 0xFFFF, 0xC7FF, 0xC7FF, 0xC7FF, 0xC7FF, 0xC7FF, 0xC7FF,
 0xC7FF, 0xC7FF, 0xC7FF, 0xC7FF, 0xC7FF, 0xC7FF, 0xC7FF, 0xC7FF, 0xC7FF, 0xC7FF, 0xC7FF, 0xC7FF, 0xC7FF, 0xC7FF, 0xC7FF, 0xC7FF,
 0xC7FF, 0xC7FF, 0xC7FF, 0xC7FF, 0xC7FF, 0xC7FF, 0xC7FF, 0xC7FF, 0xC7FF, 0xC7FF, 0xC7FF, 0xC7FF, 0xC7FF, 0xC7FF, 0xC7FF, 0xC7FF,
 0xC7FF, 0xC7FF, 0xC7FF, 0xC7FF, 0xFFFF, 0xFFFF, 0x001F, 0x001F, 0x001F, 0x001F, 0xC7FF, 0xC7FF, 0xC7FF, 0xC7FF, 0xC7FF, 0xC7FF,
 0xC7FF, 0xC7FF, 0xC7FF, 0xC7FF, 0xFFFF, 0xFFFF, 0xFFFF, 0xFFFF, 0x001F, 0x001F, 0x001F, 0x001F, 0xC7FF, 0xC7FF, 0xC7FF, 0xC7FF,
 0xC7FF, 0xC7FF, 0xC7FF, 0xC7FF, 0xC7FF, 0xC7FF, 0xFFFF, 0xFFFF, 0xFFFF, 0xFFFF, 0xFFFF, 0xFFFF, 0x001F, 0x001F, 0xC7FF, 0xC7FF,
 0xC7FF, 0xC7FF, 0xC7FF, 0xC7FF, 0xC7FF, 0xC7FF, 0xFFFF, 0xFFFF, 0xFFFF, 0xFFFF, 0xFFFF, 0xFFFF, 0xFFFF, 0xFFFF, 0x001F, 0x001F,
 0xC7FF, 0xC7FF, 0xC7FF, 0xC7FF, 0xC7FF, 0xC7FF, 0xC7FF, 0xC7FF, 0xFFFF, 0xFFFF, 0xFFFF, 0xFFFF, 0xFFFF, 0xFFFF, 0xFFFF, 0xFFFF,
 0xFFFF, 0xFFFF, 0xC7FF, 0xC7FF, 0xC7FF, 0xC7FF, 0xC7FF, 0xC7FF, 0xFFFF, 0xFFFF, 0xFFFF, 0xFFFF, 0xFFFF, 0xFFFF, 0xFFFF, 0xFFFF,
 0xFFFF, 0xFFFF, 0xFFFF, 0xFFFF, 0xC7FF, 0xC7FF, 0xC7FF, 0xC7FF, 0xC7FF, 0xC7FF, 0xFFFF, 0xFFFF, 0xFFFF, 0xFFFF, 0xFFFF, 0xFFFF,

};

//18x16
const unsigned short greenflea4[] = {
 0xFFFF, 0xFFFF, 0xFFFF, 0xFFFF, 0xFFFF, 0xFFFF, 0xFFFF, 0xFFFF, 0x07E0, 0x07E0, 0xFFFF, 0xFFFF, 0x07E0, 0x07E0, 0xFFFF, 0xFFFF,
 0x07E0, 0x07E0, 0xFFFF, 0xFFFF, 0xFFFF, 0xFFFF, 0xFFFF, 0xFFFF, 0xFFFF, 0xFFFF, 0x07E0, 0x07E0, 0xFFFF, 0xFFFF, 0x07E0, 0x07E0,
 0xFFFF, 0xFFFF, 0x07E0, 0x07E0, 0xFFFF, 0xFFFF, 0xFFFF, 0xFFFF, 0xFFFF, 0xFFFF, 0x07E0, 0x07E0, 0xFFFF, 0xFFFF, 0xFFFF, 0xFFFF,
 0x07E0, 0x07E0, 0xFFFF, 0xFFFF, 0x07E0, 0x07E0, 0xFFFF, 0xFFFF, 0xFFFF, 0xFFFF, 0xFFFF, 0xFFFF, 0x07E0, 0x07E0, 0xFFFF, 0xFFFF,
 0xFFFF, 0xFFFF, 0x07E0, 0x07E0, 0xFFFF, 0xFFFF, 0x07E0, 0x07E0, 0xFFFF, 0xFFFF, 0xFFFF, 0xFFFF, 0xFFFF, 0xFFFF, 0x07E0, 0x07E0,
 0xFFFF, 0xFFFF, 0x07E0, 0x07E0, 0xFFFF, 0xFFFF, 0xC7FF, 0xC7FF, 0xC7FF, 0xC7FF, 0xFFFF, 0xFFFF, 0xFFFF, 0xFFFF, 0xFFFF, 0xFFFF,
 0x07E0, 0x07E0, 0xFFFF, 0xFFFF, 0x07E0, 0x07E0, 0xFFFF, 0xFFFF, 0xC7FF, 0xC7FF, 0xC7FF, 0xC7FF, 0xC7FF, 0xC7FF, 0xC7FF, 0xC7FF,
 0xC7FF, 0xC7FF, 0x07E0, 0x07E0, 0xFFFF, 0xFFFF, 0x07E0, 0x07E0, 0xC7FF, 0xC7FF, 0xC7FF, 0xC7FF, 0xC7FF, 0xC7FF, 0xC7FF, 0xC7FF,
 0xC7FF, 0xC7FF, 0xC7FF, 0xC7FF, 0x07E0, 0x07E0, 0xFFFF, 0xFFFF, 0x07E0, 0x07E0, 0xC7FF, 0xC7FF, 0xC7FF, 0xC7FF, 0xC7FF, 0xC7FF,
 0xC7FF, 0xC7FF, 0xC7FF, 0xC7FF, 0xC7FF, 0xC7FF, 0xC7FF, 0xC7FF, 0xC7FF, 0xC7FF, 0xC7FF, 0xC7FF, 0xC7FF, 0xC7FF, 0xC7FF, 0xC7FF,
 0xC7FF, 0xC7FF, 0xC7FF, 0xC7FF, 0xC7FF, 0xC7FF, 0xC7FF, 0xC7FF, 0xC7FF, 0xC7FF, 0xC7FF, 0xC7FF, 0xC7FF, 0xC7FF, 0xC7FF, 0xC7FF,
 0xC7FF, 0xC7FF, 0xC7FF, 0xC7FF, 0xFFFF, 0xFFFF, 0x001F, 0x001F, 0x001F, 0x001F, 0xC7FF, 0xC7FF, 0xC7FF, 0xC7FF, 0xC7FF, 0xC7FF,
 0xC7FF, 0xC7FF, 0xC7FF, 0xC7FF, 0xFFFF, 0xFFFF, 0xFFFF, 0xFFFF, 0x001F, 0x001F, 0x001F, 0x001F, 0xC7FF, 0xC7FF, 0xC7FF, 0xC7FF,
 0xC7FF, 0xC7FF, 0xC7FF, 0xC7FF, 0xC7FF, 0xC7FF, 0xFFFF, 0xFFFF, 0xFFFF, 0xFFFF, 0xFFFF, 0xFFFF, 0x001F, 0x001F, 0xC7FF, 0xC7FF,
 0xC7FF, 0xC7FF, 0xC7FF, 0xC7FF, 0xC7FF, 0xC7FF, 0xFFFF, 0xFFFF, 0xFFFF, 0xFFFF, 0xFFFF, 0xFFFF, 0xFFFF, 0xFFFF, 0x001F, 0x001F,
 0xC7FF, 0xC7FF, 0xC7FF, 0xC7FF, 0xC7FF, 0xC7FF, 0xC7FF, 0xC7FF, 0xFFFF, 0xFFFF, 0xFFFF, 0xFFFF, 0xFFFF, 0xFFFF, 0xFFFF, 0xFFFF,
 0xFFFF, 0xFFFF, 0xC7FF, 0xC7FF, 0xC7FF, 0xC7FF, 0xC7FF, 0xC7FF, 0xFFFF, 0xFFFF, 0xFFFF, 0xFFFF, 0xFFFF, 0xFFFF, 0xFFFF, 0xFFFF,
 0xFFFF, 0xFFFF, 0xFFFF, 0xFFFF, 0xC7FF, 0xC7FF, 0xC7FF, 0xC7FF, 0xC7FF, 0xC7FF, 0xFFFF, 0xFFFF, 0xFFFF, 0xFFFF, 0xFFFF, 0xFFFF,

};

//14x16

const unsigned short greengun[] = {
 0xFFFF, 0xFFFF, 0xFFFF, 0xFFFF, 0xC7FF, 0xC7FF, 0xC7FF, 0xC7FF, 0xC7FF, 0xC7FF, 0xFFFF, 0xFFFF, 0xFFFF, 0xFFFF, 0xFFFF, 0xFFFF,
 0xFFFF, 0xFFFF, 0xC7FF, 0xC7FF, 0xC7FF, 0xC7FF, 0xC7FF, 0xC7FF, 0xFFFF, 0xFFFF, 0xFFFF, 0xFFFF, 0xFFFF, 0xFFFF, 0xFFFF, 0xFFFF,
 0xC7FF, 0xC7FF, 0xC7FF, 0xC7FF, 0xC7FF, 0xC7FF, 0xFFFF, 0xFFFF, 0xFFFF, 0xFFFF, 0xFFFF, 0xFFFF, 0xFFFF, 0xFFFF, 0xC7FF, 0xC7FF,
 0xC7FF, 0xC7FF, 0xC7FF, 0xC7FF, 0xFFFF, 0xFFFF, 0xFFFF, 0xFFFF, 0xFFFF, 0xFFFF, 0xC7FF, 0xC7FF, 0xC7FF, 0xC7FF, 0xC7FF, 0xC7FF,
 0xC7FF, 0xC7FF, 0xC7FF, 0xC7FF, 0xFFFF, 0xFFFF, 0xFFFF, 0xFFFF, 0xC7FF, 0xC7FF, 0xC7FF, 0xC7FF, 0xC7FF, 0xC7FF, 0xC7FF, 0xC7FF,
 0xC7FF, 0xC7FF, 0xFFFF, 0xFFFF, 0xC7FF, 0xC7FF, 0xC7FF, 0xC7FF, 0xC7FF, 0xC7FF, 0xC7FF, 0xC7FF, 0xC7FF, 0xC7FF, 0xC7FF, 0xC7FF,
 0xC7FF, 0xC7FF, 0xC7FF, 0xC7FF, 0xC7FF, 0xC7FF, 0xC7FF, 0xC7FF, 0xC7FF, 0xC7FF, 0xC7FF, 0xC7FF, 0xC7FF, 0xC7FF, 0xC7FF, 0xC7FF,
 0xC7FF, 0xC7FF, 0x001F, 0x001F, 0x001F, 0x001F, 0xC7FF, 0xC7FF, 0x001F, 0x001F, 0x001F, 0x001F, 0xC7FF, 0xC7FF, 0xC7FF, 0xC7FF,
 0x001F, 0x001F, 0x001F, 0x001F, 0xC7FF, 0xC7FF, 0x001F, 0x001F, 0x001F, 0x001F, 0xC7FF, 0xC7FF, 0xFFFF, 0xFFFF, 0x001F, 0x001F,
 0x001F, 0x001F, 0xC7FF, 0xC7FF, 0x001F, 0x001F, 0x001F, 0x001F, 0xFFFF, 0xFFFF, 0xFFFF, 0xFFFF, 0x001F, 0x001F, 0x001F, 0x001F,
 0xC7FF, 0xC7FF, 0x001F, 0x001F, 0x001F, 0x001F, 0xFFFF, 0xFFFF, 0xFFFF, 0xFFFF, 0xFFFF, 0xFFFF, 0xC7FF, 0xC7FF, 0xC7FF, 0xC7FF,
 0xC7FF, 0xC7FF, 0xFFFF, 0xFFFF, 0xFFFF, 0xFFFF, 0xFFFF, 0xFFFF, 0xFFFF, 0xFFFF, 0xC7FF, 0xC7FF, 0xC7FF, 0xC7FF, 0xC7FF, 0xC7FF,
 0xFFFF, 0xFFFF, 0xFFFF, 0xFFFF, 0xFFFF, 0xFFFF, 0xFFFF, 0xFFFF, 0xFFFF, 0xFFFF, 0xC7FF, 0xC7FF, 0xFFFF, 0xFFFF, 0xFFFF, 0xFFFF,
 0xFFFF, 0xFFFF, 0xFFFF, 0xFFFF, 0xFFFF, 0xFFFF, 0xFFFF, 0xFFFF, 0xC7FF, 0xC7FF, 0xFFFF, 0xFFFF, 0xFFFF, 0xFFFF, 0xFFFF, 0xFFFF,

};

//14x16
const unsigned short greenhead1[] = {
 0xFFFF, 0xFFFF, 0xFFFF, 0xFFFF, 0xFFFF, 0xFFFF, 0xC7FF, 0xC7FF, 0xFFFF, 0xFFFF, 0xFFFF, 0xFFFF, 0xFFFF, 0xFFFF, 0xFFFF, 0xFFFF,
 0xFFFF, 0xFFFF, 0xFFFF, 0xFFFF, 0xC7FF, 0xC7FF, 0xFFFF, 0xFFFF, 0xFFFF, 0xFFFF, 0xFFFF, 0xFFFF, 0xFFFF, 0xFFFF, 0x001F, 0x001F,
 0x001F, 0x001F, 0x07E0, 0x07E0, 0x07E0, 0x07E0, 0xFFFF, 0xFFFF, 0xFFFF, 0xFFFF, 0xFFFF, 0xFFFF, 0x001F, 0x001F, 0x001F, 0x001F,
 0x07E0, 0x07E0, 0x07E0, 0x07E0, 0xFFFF, 0xFFFF, 0xFFFF, 0xFFFF, 0x07E0, 0x07E0, 0x001F, 0x001F, 0x001F, 0x001F, 0x07E0, 0x07E0,
 0x07E0, 0x07E0, 0x07E0, 0x07E0, 0xFFFF, 0xFFFF, 0x07E0, 0x07E0, 0x001F, 0x001F, 0x001F, 0x001F, 0x07E0, 0x07E0, 0x07E0, 0x07E0,
 0x07E0, 0x07E0, 0xFFFF, 0xFFFF, 0x07E0, 0x07E0, 0x07E0, 0x07E0, 0x07E0, 0x07E0, 0x07E0, 0x07E0, 0x07E0, 0x07E0, 0x07E0, 0x07E0,
 0x07E0, 0x07E0, 0x07E0, 0x07E0, 0x07E0, 0x07E0, 0x07E0, 0x07E0, 0x07E0, 0x07E0, 0x07E0, 0x07E0, 0x07E0, 0x07E0, 0x07E0, 0x07E0,
 0x07E0, 0x07E0, 0x07E0, 0x07E0, 0x07E0, 0x07E0, 0x07E0, 0x07E0, 0x07E0, 0x07E0, 0x07E0, 0x07E0, 0x07E0, 0x07E0, 0x07E0, 0x07E0,
 0x07E0, 0x07E0, 0x07E0, 0x07E0, 0x07E0, 0x07E0, 0x07E0, 0x07E0, 0x07E0, 0x07E0, 0x07E0, 0x07E0, 0x07E0, 0x07E0, 0x001F, 0x001F,
 0x001F, 0x001F, 0x07E0, 0x07E0, 0x07E0, 0x07E0, 0x07E0, 0x07E0, 0xFFFF, 0xFFFF, 0x07E0, 0x07E0, 0x001F, 0x001F, 0x001F, 0x001F,
 0x07E0, 0x07E0, 0x07E0, 0x07E0, 0x07E0, 0x07E0, 0xFFFF, 0xFFFF, 0xFFFF, 0xFFFF, 0x001F, 0x001F, 0x001F, 0x001F, 0x07E0, 0x07E0,
 0x07E0, 0x07E0, 0xFFFF, 0xFFFF, 0xFFFF, 0xFFFF, 0xFFFF, 0xFFFF, 0x001F, 0x001F, 0x001F, 0x001F, 0x07E0, 0x07E0, 0x07E0, 0x07E0,
 0xFFFF, 0xFFFF, 0xFFFF, 0xFFFF, 0xFFFF, 0xFFFF, 0xFFFF, 0xFFFF, 0xFFFF, 0xFFFF, 0xC7FF, 0xC7FF, 0xFFFF, 0xFFFF, 0xFFFF, 0xFFFF,
 0xFFFF, 0xFFFF, 0xFFFF, 0xFFFF, 0xFFFF, 0xFFFF, 0xFFFF, 0xFFFF, 0xC7FF, 0xC7FF, 0xFFFF, 0xFFFF, 0xFFFF, 0xFFFF, 0xFFFF, 0xFFFF,

};

//14x16
const unsigned short greenhead2[] = {
 0xFFFF, 0xFFFF, 0xFFFF, 0xFFFF, 0xFFFF, 0xFFFF, 0xFFFF, 0xFFFF, 0xC7FF, 0xC7FF, 0xFFFF, 0xFFFF, 0xFFFF, 0xFFFF, 0xFFFF, 0xFFFF,
 0xFFFF, 0xFFFF, 0xFFFF, 0xFFFF, 0xFFFF, 0xFFFF, 0xC7FF, 0xC7FF, 0xFFFF, 0xFFFF, 0xFFFF, 0xFFFF, 0xFFFF, 0xFFFF, 0x001F, 0x001F,
 0x001F, 0x001F, 0x07E0, 0x07E0, 0x07E0, 0x07E0, 0xFFFF, 0xFFFF, 0xFFFF, 0xFFFF, 0xFFFF, 0xFFFF, 0x001F, 0x001F, 0x001F, 0x001F,
 0x07E0, 0x07E0, 0x07E0, 0x07E0, 0xFFFF, 0xFFFF, 0xFFFF, 0xFFFF, 0x07E0, 0x07E0, 0x001F, 0x001F, 0x001F, 0x001F, 0x07E0, 0x07E0,
 0x07E0, 0x07E0, 0x07E0, 0x07E0, 0xFFFF, 0xFFFF, 0x07E0, 0x07E0, 0x001F, 0x001F, 0x001F, 0x001F, 0x07E0, 0x07E0, 0x07E0, 0x07E0,
 0x07E0, 0x07E0, 0xFFFF, 0xFFFF, 0x07E0, 0x07E0, 0x07E0, 0x07E0, 0x07E0, 0x07E0, 0x07E0, 0x07E0, 0x07E0, 0x07E0, 0x07E0, 0x07E0,
 0x07E0, 0x07E0, 0x07E0, 0x07E0, 0x07E0, 0x07E0, 0x07E0, 0x07E0, 0x07E0, 0x07E0, 0x07E0, 0x07E0, 0x07E0, 0x07E0, 0x07E0, 0x07E0,
 0x07E0, 0x07E0, 0x07E0, 0x07E0, 0x07E0, 0x07E0, 0x07E0, 0x07E0, 0x07E0, 0x07E0, 0x07E0, 0x07E0, 0x07E0, 0x07E0, 0x07E0, 0x07E0,
 0x07E0, 0x07E0, 0x07E0, 0x07E0, 0x07E0, 0x07E0, 0x07E0, 0x07E0, 0x07E0, 0x07E0, 0x07E0, 0x07E0, 0x07E0, 0x07E0, 0x001F, 0x001F,
 0x001F, 0x001F, 0x07E0, 0x07E0, 0x07E0, 0x07E0, 0x07E0, 0x07E0, 0xFFFF, 0xFFFF, 0x07E0, 0x07E0, 0x001F, 0x001F, 0x001F, 0x001F,
 0x07E0, 0x07E0, 0x07E0, 0x07E0, 0x07E0, 0x07E0, 0xFFFF, 0xFFFF, 0xFFFF, 0xFFFF, 0x001F, 0x001F, 0x001F, 0x001F, 0x07E0, 0x07E0,
 0x07E0, 0x07E0, 0xFFFF, 0xFFFF, 0xFFFF, 0xFFFF, 0xFFFF, 0xFFFF, 0x001F, 0x001F, 0x001F, 0x001F, 0x07E0, 0x07E0, 0x07E0, 0x07E0,
 0xFFFF, 0xFFFF, 0xFFFF, 0xFFFF, 0xFFFF, 0xFFFF, 0xFFFF, 0xFFFF, 0xFFFF, 0xFFFF, 0xFFFF, 0xFFFF, 0xC7FF, 0xC7FF, 0xFFFF, 0xFFFF,
 0xFFFF, 0xFFFF, 0xFFFF, 0xFFFF, 0xFFFF, 0xFFFF, 0xFFFF, 0xFFFF, 0xFFFF, 0xFFFF, 0xC7FF, 0xC7FF, 0xFFFF, 0xFFFF, 0xFFFF, 0xFFFF,

};

//14x16
const unsigned short greenhead3[] = {
 0xFFFF, 0xFFFF, 0xFFFF, 0xFFFF, 0xFFFF, 0xFFFF, 0xFFFF, 0xFFFF, 0xFFFF, 0xFFFF, 0xC7FF, 0xC7FF, 0xFFFF, 0xFFFF, 0xFFFF, 0xFFFF,
 0xFFFF, 0xFFFF, 0xFFFF, 0xFFFF, 0xFFFF, 0xFFFF, 0xFFFF, 0xFFFF, 0xC7FF, 0xC7FF, 0xFFFF, 0xFFFF, 0xFFFF, 0xFFFF, 0x001F, 0x001F,
 0x001F, 0x001F, 0x07E0, 0x07E0, 0x07E0, 0x07E0, 0xFFFF, 0xFFFF, 0xFFFF, 0xFFFF, 0xFFFF, 0xFFFF, 0x001F, 0x001F, 0x001F, 0x001F,
 0x07E0, 0x07E0, 0x07E0, 0x07E0, 0xFFFF, 0xFFFF, 0xFFFF, 0xFFFF, 0x07E0, 0x07E0, 0x001F, 0x001F, 0x001F, 0x001F, 0x07E0, 0x07E0,
 0x07E0, 0x07E0, 0x07E0, 0x07E0, 0xFFFF, 0xFFFF, 0x07E0, 0x07E0, 0x001F, 0x001F, 0x001F, 0x001F, 0x07E0, 0x07E0, 0x07E0, 0x07E0,
 0x07E0, 0x07E0, 0xFFFF, 0xFFFF, 0x07E0, 0x07E0, 0x07E0, 0x07E0, 0x07E0, 0x07E0, 0x07E0, 0x07E0, 0x07E0, 0x07E0, 0x07E0, 0x07E0,
 0x07E0, 0x07E0, 0x07E0, 0x07E0, 0x07E0, 0x07E0, 0x07E0, 0x07E0, 0x07E0, 0x07E0, 0x07E0, 0x07E0, 0x07E0, 0x07E0, 0x07E0, 0x07E0,
 0x07E0, 0x07E0, 0x07E0, 0x07E0, 0x07E0, 0x07E0, 0x07E0, 0x07E0, 0x07E0, 0x07E0, 0x07E0, 0x07E0, 0x07E0, 0x07E0, 0x07E0, 0x07E0,
 0x07E0, 0x07E0, 0x07E0, 0x07E0, 0x07E0, 0x07E0, 0x07E0, 0x07E0, 0x07E0, 0x07E0, 0x07E0, 0x07E0, 0x07E0, 0x07E0, 0x001F, 0x001F,
 0x001F, 0x001F, 0x07E0, 0x07E0, 0x07E0, 0x07E0, 0x07E0, 0x07E0, 0xFFFF, 0xFFFF, 0x07E0, 0x07E0, 0x001F, 0x001F, 0x001F, 0x001F,
 0x07E0, 0x07E0, 0x07E0, 0x07E0, 0x07E0, 0x07E0, 0xFFFF, 0xFFFF, 0xFFFF, 0xFFFF, 0x001F, 0x001F, 0x001F, 0x001F, 0x07E0, 0x07E0,
 0x07E0, 0x07E0, 0xFFFF, 0xFFFF, 0xFFFF, 0xFFFF, 0xFFFF, 0xFFFF, 0x001F, 0x001F, 0x001F, 0x001F, 0x07E0, 0x07E0, 0x07E0, 0x07E0,
 0xFFFF, 0xFFFF, 0xFFFF, 0xFFFF, 0xFFFF, 0xFFFF, 0xFFFF, 0xFFFF, 0xFFFF, 0xFFFF, 0xFFFF, 0xFFFF, 0xFFFF, 0xFFFF, 0xC7FF, 0xC7FF,
 0xFFFF, 0xFFFF, 0xFFFF, 0xFFFF, 0xFFFF, 0xFFFF, 0xFFFF, 0xFFFF, 0xFFFF, 0xFFFF, 0xFFFF, 0xFFFF, 0xC7FF, 0xC7FF, 0xFFFF, 0xFFFF,

};

//14x16
const unsigned short greenhead4[] = {
 0xFFFF, 0xFFFF, 0xFFFF, 0xFFFF, 0xFFFF, 0xFFFF, 0xFFFF, 0xFFFF, 0xC7FF, 0xC7FF, 0xFFFF, 0xFFFF, 0xFFFF, 0xFFFF, 0xFFFF, 0xFFFF,
 0xFFFF, 0xFFFF, 0xFFFF, 0xFFFF, 0xFFFF, 0xFFFF, 0xC7FF, 0xC7FF, 0xFFFF, 0xFFFF, 0xFFFF, 0xFFFF, 0xFFFF, 0xFFFF, 0x001F, 0x001F,
 0x001F, 0x001F, 0x07E0, 0x07E0, 0x07E0, 0x07E0, 0xFFFF, 0xFFFF, 0xFFFF, 0xFFFF, 0xFFFF, 0xFFFF, 0x001F, 0x001F, 0x001F, 0x001F,
 0x07E0, 0x07E0, 0x07E0, 0x07E0, 0xFFFF, 0xFFFF, 0xFFFF, 0xFFFF, 0x07E0, 0x07E0, 0x001F, 0x001F, 0x001F, 0x001F, 0x07E0, 0x07E0,
 0x07E0, 0x07E0, 0x07E0, 0x07E0, 0xFFFF, 0xFFFF, 0x07E0, 0x07E0, 0x001F, 0x001F, 0x001F, 0x001F, 0x07E0, 0x07E0, 0x07E0, 0x07E0,
 0x07E0, 0x07E0, 0xFFFF, 0xFFFF, 0x07E0, 0x07E0, 0x07E0, 0x07E0, 0x07E0, 0x07E0, 0x07E0, 0x07E0, 0x07E0, 0x07E0, 0x07E0, 0x07E0,
 0x07E0, 0x07E0, 0x07E0, 0x07E0, 0x07E0, 0x07E0, 0x07E0, 0x07E0, 0x07E0, 0x07E0, 0x07E0, 0x07E0, 0x07E0, 0x07E0, 0x07E0, 0x07E0,
 0x07E0, 0x07E0, 0x07E0, 0x07E0, 0x07E0, 0x07E0, 0x07E0, 0x07E0, 0x07E0, 0x07E0, 0x07E0, 0x07E0, 0x07E0, 0x07E0, 0x07E0, 0x07E0,
 0x07E0, 0x07E0, 0x07E0, 0x07E0, 0x07E0, 0x07E0, 0x07E0, 0x07E0, 0x07E0, 0x07E0, 0x07E0, 0x07E0, 0x07E0, 0x07E0, 0x001F, 0x001F,
 0x001F, 0x001F, 0x07E0, 0x07E0, 0x07E0, 0x07E0, 0x07E0, 0x07E0, 0xFFFF, 0xFFFF, 0x07E0, 0x07E0, 0x001F, 0x001F, 0x001F, 0x001F,
 0x07E0, 0x07E0, 0x07E0, 0x07E0, 0x07E0, 0x07E0, 0xFFFF, 0xFFFF, 0xFFFF, 0xFFFF, 0x001F, 0x001F, 0x001F, 0x001F, 0x07E0, 0x07E0,
 0x07E0, 0x07E0, 0xFFFF, 0xFFFF, 0xFFFF, 0xFFFF, 0xFFFF, 0xFFFF, 0x001F, 0x001F, 0x001F, 0x001F, 0x07E0, 0x07E0, 0x07E0, 0x07E0,
 0xFFFF, 0xFFFF, 0xFFFF, 0xFFFF, 0xFFFF, 0xFFFF, 0xFFFF, 0xFFFF, 0xFFFF, 0xFFFF, 0xFFFF, 0xFFFF, 0xC7FF, 0xC7FF, 0xFFFF, 0xFFFF,
 0xFFFF, 0xFFFF, 0xFFFF, 0xFFFF, 0xFFFF, 0xFFFF, 0xFFFF, 0xFFFF, 0xFFFF, 0xFFFF, 0xC7FF, 0xC7FF, 0xFFFF, 0xFFFF, 0xFFFF, 0xFFFF,

};

//14x16
const unsigned short greenhead5[] = {
 0xFFFF, 0xFFFF, 0xFFFF, 0xFFFF, 0xFFFF, 0xFFFF, 0xC7FF, 0xC7FF, 0xFFFF, 0xFFFF, 0xFFFF, 0xFFFF, 0xFFFF, 0xFFFF, 0xFFFF, 0xFFFF,
 0xFFFF, 0xFFFF, 0xFFFF, 0xFFFF, 0xC7FF, 0xC7FF, 0xFFFF, 0xFFFF, 0xFFFF, 0xFFFF, 0xFFFF, 0xFFFF, 0xFFFF, 0xFFFF, 0x001F, 0x001F,
 0x001F, 0x001F, 0x07E0, 0x07E0, 0x07E0, 0x07E0, 0xFFFF, 0xFFFF, 0xFFFF, 0xFFFF, 0xFFFF, 0xFFFF, 0x001F, 0x001F, 0x001F, 0x001F,
 0x07E0, 0x07E0, 0x07E0, 0x07E0, 0xFFFF, 0xFFFF, 0xFFFF, 0xFFFF, 0x07E0, 0x07E0, 0x001F, 0x001F, 0x001F, 0x001F, 0x07E0, 0x07E0,
 0x07E0, 0x07E0, 0x07E0, 0x07E0, 0xFFFF, 0xFFFF, 0x07E0, 0x07E0, 0x001F, 0x001F, 0x001F, 0x001F, 0x07E0, 0x07E0, 0x07E0, 0x07E0,
 0x07E0, 0x07E0, 0xFFFF, 0xFFFF, 0x07E0, 0x07E0, 0x07E0, 0x07E0, 0x07E0, 0x07E0, 0x07E0, 0x07E0, 0x07E0, 0x07E0, 0x07E0, 0x07E0,
 0x07E0, 0x07E0, 0x07E0, 0x07E0, 0x07E0, 0x07E0, 0x07E0, 0x07E0, 0x07E0, 0x07E0, 0x07E0, 0x07E0, 0x07E0, 0x07E0, 0x07E0, 0x07E0,
 0x07E0, 0x07E0, 0x07E0, 0x07E0, 0x07E0, 0x07E0, 0x07E0, 0x07E0, 0x07E0, 0x07E0, 0x07E0, 0x07E0, 0x07E0, 0x07E0, 0x07E0, 0x07E0,
 0x07E0, 0x07E0, 0x07E0, 0x07E0, 0x07E0, 0x07E0, 0x07E0, 0x07E0, 0x07E0, 0x07E0, 0x07E0, 0x07E0, 0x07E0, 0x07E0, 0x001F, 0x001F,
 0x001F, 0x001F, 0x07E0, 0x07E0, 0x07E0, 0x07E0, 0x07E0, 0x07E0, 0xFFFF, 0xFFFF, 0x07E0, 0x07E0, 0x001F, 0x001F, 0x001F, 0x001F,
 0x07E0, 0x07E0, 0x07E0, 0x07E0, 0x07E0, 0x07E0, 0xFFFF, 0xFFFF, 0xFFFF, 0xFFFF, 0x001F, 0x001F, 0x001F, 0x001F, 0x07E0, 0x07E0,
 0x07E0, 0x07E0, 0xFFFF, 0xFFFF, 0xFFFF, 0xFFFF, 0xFFFF, 0xFFFF, 0x001F, 0x001F, 0x001F, 0x001F, 0x07E0, 0x07E0, 0x07E0, 0x07E0,
 0xFFFF, 0xFFFF, 0xFFFF, 0xFFFF, 0xFFFF, 0xFFFF, 0xFFFF, 0xFFFF, 0xFFFF, 0xFFFF, 0xC7FF, 0xC7FF, 0xFFFF, 0xFFFF, 0xFFFF, 0xFFFF,
 0xFFFF, 0xFFFF, 0xFFFF, 0xFFFF, 0xFFFF, 0xFFFF, 0xFFFF, 0xFFFF, 0xC7FF, 0xC7FF, 0xFFFF, 0xFFFF, 0xFFFF, 0xFFFF, 0xFFFF, 0xFFFF,

};

//14x16
const unsigned short greenhead6[] = {
 0xFFFF, 0xFFFF, 0xFFFF, 0xFFFF, 0xC7FF, 0xC7FF, 0xFFFF, 0xFFFF, 0xFFFF, 0xFFFF, 0xFFFF, 0xFFFF, 0xFFFF, 0xFFFF, 0xFFFF, 0xFFFF,
 0xFFFF, 0xFFFF, 0xC7FF, 0xC7FF, 0xFFFF, 0xFFFF, 0xFFFF, 0xFFFF, 0xFFFF, 0xFFFF, 0xFFFF, 0xFFFF, 0xFFFF, 0xFFFF, 0x001F, 0x001F,
 0x001F, 0x001F, 0x07E0, 0x07E0, 0x07E0, 0x07E0, 0xFFFF, 0xFFFF, 0xFFFF, 0xFFFF, 0xFFFF, 0xFFFF, 0x001F, 0x001F, 0x001F, 0x001F,
 0x07E0, 0x07E0, 0x07E0, 0x07E0, 0xFFFF, 0xFFFF, 0xFFFF, 0xFFFF, 0x07E0, 0x07E0, 0x001F, 0x001F, 0x001F, 0x001F, 0x07E0, 0x07E0,
 0x07E0, 0x07E0, 0x07E0, 0x07E0, 0xFFFF, 0xFFFF, 0x07E0, 0x07E0, 0x001F, 0x001F, 0x001F, 0x001F, 0x07E0, 0x07E0, 0x07E0, 0x07E0,
 0x07E0, 0x07E0, 0xFFFF, 0xFFFF, 0x07E0, 0x07E0, 0x07E0, 0x07E0, 0x07E0, 0x07E0, 0x07E0, 0x07E0, 0x07E0, 0x07E0, 0x07E0, 0x07E0,
 0x07E0, 0x07E0, 0x07E0, 0x07E0, 0x07E0, 0x07E0, 0x07E0, 0x07E0, 0x07E0, 0x07E0, 0x07E0, 0x07E0, 0x07E0, 0x07E0, 0x07E0, 0x07E0,
 0x07E0, 0x07E0, 0x07E0, 0x07E0, 0x07E0, 0x07E0, 0x07E0, 0x07E0, 0x07E0, 0x07E0, 0x07E0, 0x07E0, 0x07E0, 0x07E0, 0x07E0, 0x07E0,
 0x07E0, 0x07E0, 0x07E0, 0x07E0, 0x07E0, 0x07E0, 0x07E0, 0x07E0, 0x07E0, 0x07E0, 0x07E0, 0x07E0, 0x07E0, 0x07E0, 0x001F, 0x001F,
 0x001F, 0x001F, 0x07E0, 0x07E0, 0x07E0, 0x07E0, 0x07E0, 0x07E0, 0xFFFF, 0xFFFF, 0x07E0, 0x07E0, 0x001F, 0x001F, 0x001F, 0x001F,
 0x07E0, 0x07E0, 0x07E0, 0x07E0, 0x07E0, 0x07E0, 0xFFFF, 0xFFFF, 0xFFFF, 0xFFFF, 0x001F, 0x001F, 0x001F, 0x001F, 0x07E0, 0x07E0,
 0x07E0, 0x07E0, 0xFFFF, 0xFFFF, 0xFFFF, 0xFFFF, 0xFFFF, 0xFFFF, 0x001F, 0x001F, 0x001F, 0x001F, 0x07E0, 0x07E0, 0x07E0, 0x07E0,
 0xFFFF, 0xFFFF, 0xFFFF, 0xFFFF, 0xFFFF, 0xFFFF, 0xFFFF, 0xFFFF, 0xC7FF, 0xC7FF, 0xFFFF, 0xFFFF, 0xFFFF, 0xFFFF, 0xFFFF, 0xFFFF,
 0xFFFF, 0xFFFF, 0xFFFF, 0xFFFF, 0xFFFF, 0xFFFF, 0xC7FF, 0xC7FF, 0xFFFF, 0xFFFF, 0xFFFF, 0xFFFF, 0xFFFF, 0xFFFF, 0xFFFF, 0xFFFF,

};

//14x16
const unsigned short greenhead7[] = {
 0xFFFF, 0xFFFF, 0xC7FF, 0xC7FF, 0xFFFF, 0xFFFF, 0xFFFF, 0xFFFF, 0xFFFF, 0xFFFF, 0xFFFF, 0xFFFF, 0xFFFF, 0xFFFF, 0xFFFF, 0xFFFF,
 0xC7FF, 0xC7FF, 0xFFFF, 0xFFFF, 0xFFFF, 0xFFFF, 0xFFFF, 0xFFFF, 0xFFFF, 0xFFFF, 0xFFFF, 0xFFFF, 0xFFFF, 0xFFFF, 0x001F, 0x001F,
 0x001F, 0x001F, 0x07E0, 0x07E0, 0x07E0, 0x07E0, 0xFFFF, 0xFFFF, 0xFFFF, 0xFFFF, 0xFFFF, 0xFFFF, 0x001F, 0x001F, 0x001F, 0x001F,
 0x07E0, 0x07E0, 0x07E0, 0x07E0, 0xFFFF, 0xFFFF, 0xFFFF, 0xFFFF, 0x07E0, 0x07E0, 0x001F, 0x001F, 0x001F, 0x001F, 0x07E0, 0x07E0,
 0x07E0, 0x07E0, 0x07E0, 0x07E0, 0xFFFF, 0xFFFF, 0x07E0, 0x07E0, 0x001F, 0x001F, 0x001F, 0x001F, 0x07E0, 0x07E0, 0x07E0, 0x07E0,
 0x07E0, 0x07E0, 0xFFFF, 0xFFFF, 0x07E0, 0x07E0, 0x07E0, 0x07E0, 0x07E0, 0x07E0, 0x07E0, 0x07E0, 0x07E0, 0x07E0, 0x07E0, 0x07E0,
 0x07E0, 0x07E0, 0x07E0, 0x07E0, 0x07E0, 0x07E0, 0x07E0, 0x07E0, 0x07E0, 0x07E0, 0x07E0, 0x07E0, 0x07E0, 0x07E0, 0x07E0, 0x07E0,
 0x07E0, 0x07E0, 0x07E0, 0x07E0, 0x07E0, 0x07E0, 0x07E0, 0x07E0, 0x07E0, 0x07E0, 0x07E0, 0x07E0, 0x07E0, 0x07E0, 0x07E0, 0x07E0,
 0x07E0, 0x07E0, 0x07E0, 0x07E0, 0x07E0, 0x07E0, 0x07E0, 0x07E0, 0x07E0, 0x07E0, 0x07E0, 0x07E0, 0x07E0, 0x07E0, 0x001F, 0x001F,
 0x001F, 0x001F, 0x07E0, 0x07E0, 0x07E0, 0x07E0, 0x07E0, 0x07E0, 0xFFFF, 0xFFFF, 0x07E0, 0x07E0, 0x001F, 0x001F, 0x001F, 0x001F,
 0x07E0, 0x07E0, 0x07E0, 0x07E0, 0x07E0, 0x07E0, 0xFFFF, 0xFFFF, 0xFFFF, 0xFFFF, 0x001F, 0x001F, 0x001F, 0x001F, 0x07E0, 0x07E0,
 0x07E0, 0x07E0, 0xFFFF, 0xFFFF, 0xFFFF, 0xFFFF, 0xFFFF, 0xFFFF, 0x001F, 0x001F, 0x001F, 0x001F, 0x07E0, 0x07E0, 0x07E0, 0x07E0,
 0xFFFF, 0xFFFF, 0xFFFF, 0xFFFF, 0xFFFF, 0xFFFF, 0xC7FF, 0xC7FF, 0xFFFF, 0xFFFF, 0xFFFF, 0xFFFF, 0xFFFF, 0xFFFF, 0xFFFF, 0xFFFF,
 0xFFFF, 0xFFFF, 0xFFFF, 0xFFFF, 0xC7FF, 0xC7FF, 0xFFFF, 0xFFFF, 0xFFFF, 0xFFFF, 0xFFFF, 0xFFFF, 0xFFFF, 0xFFFF, 0xFFFF, 0xFFFF,

};

//14x16
const unsigned short greenhead8[] = {
 0xFFFF, 0xFFFF, 0xFFFF, 0xFFFF, 0xC7FF, 0xC7FF, 0xFFFF, 0xFFFF, 0xFFFF, 0xFFFF, 0xFFFF, 0xFFFF, 0xFFFF, 0xFFFF, 0xFFFF, 0xFFFF,
 0xFFFF, 0xFFFF, 0xC7FF, 0xC7FF, 0xFFFF, 0xFFFF, 0xFFFF, 0xFFFF, 0xFFFF, 0xFFFF, 0xFFFF, 0xFFFF, 0xFFFF, 0xFFFF, 0x001F, 0x001F,
 0x001F, 0x001F, 0x07E0, 0x07E0, 0x07E0, 0x07E0, 0xFFFF, 0xFFFF, 0xFFFF, 0xFFFF, 0xFFFF, 0xFFFF, 0x001F, 0x001F, 0x001F, 0x001F,
 0x07E0, 0x07E0, 0x07E0, 0x07E0, 0xFFFF, 0xFFFF, 0xFFFF, 0xFFFF, 0x07E0, 0x07E0, 0x001F, 0x001F, 0x001F, 0x001F, 0x07E0, 0x07E0,
 0x07E0, 0x07E0, 0x07E0, 0x07E0, 0xFFFF, 0xFFFF, 0x07E0, 0x07E0, 0x001F, 0x001F, 0x001F, 0x001F, 0x07E0, 0x07E0, 0x07E0, 0x07E0,
 0x07E0, 0x07E0, 0xFFFF, 0xFFFF, 0x07E0, 0x07E0, 0x07E0, 0x07E0, 0x07E0, 0x07E0, 0x07E0, 0x07E0, 0x07E0, 0x07E0, 0x07E0, 0x07E0,
 0x07E0, 0x07E0, 0x07E0, 0x07E0, 0x07E0, 0x07E0, 0x07E0, 0x07E0, 0x07E0, 0x07E0, 0x07E0, 0x07E0, 0x07E0, 0x07E0, 0x07E0, 0x07E0,
 0x07E0, 0x07E0, 0x07E0, 0x07E0, 0x07E0, 0x07E0, 0x07E0, 0x07E0, 0x07E0, 0x07E0, 0x07E0, 0x07E0, 0x07E0, 0x07E0, 0x07E0, 0x07E0,
 0x07E0, 0x07E0, 0x07E0, 0x07E0, 0x07E0, 0x07E0, 0x07E0, 0x07E0, 0x07E0, 0x07E0, 0x07E0, 0x07E0, 0x07E0, 0x07E0, 0x001F, 0x001F,
 0x001F, 0x001F, 0x07E0, 0x07E0, 0x07E0, 0x07E0, 0x07E0, 0x07E0, 0xFFFF, 0xFFFF, 0x07E0, 0x07E0, 0x001F, 0x001F, 0x001F, 0x001F,
 0x07E0, 0x07E0, 0x07E0, 0x07E0, 0x07E0, 0x07E0, 0xFFFF, 0xFFFF, 0xFFFF, 0xFFFF, 0x001F, 0x001F, 0x001F, 0x001F, 0x07E0, 0x07E0,
 0x07E0, 0x07E0, 0xFFFF, 0xFFFF, 0xFFFF, 0xFFFF, 0xFFFF, 0xFFFF, 0x001F, 0x001F, 0x001F, 0x001F, 0x07E0, 0x07E0, 0x07E0, 0x07E0,
 0xFFFF, 0xFFFF, 0xFFFF, 0xFFFF, 0xFFFF, 0xFFFF, 0xFFFF, 0xFFFF, 0xC7FF, 0xC7FF, 0xFFFF, 0xFFFF, 0xFFFF, 0xFFFF, 0xFFFF, 0xFFFF,
 0xFFFF, 0xFFFF, 0xFFFF, 0xFFFF, 0xFFFF, 0xFFFF, 0xC7FF, 0xC7FF, 0xFFFF, 0xFFFF, 0xFFFF, 0xFFFF, 0xFFFF, 0xFFFF, 0xFFFF, 0xFFFF,

};

//16x16
const unsigned short greenmushroom1[] = {
 0xFFFF, 0xFFFF, 0xFFFF, 0xFFFF, 0x001F, 0x001F, 0x001F, 0x001F, 0x001F, 0x001F, 0x001F, 0x001F, 0xFFFF, 0xFFFF, 0xFFFF, 0xFFFF,
 0xFFFF, 0xFFFF, 0xFFFF, 0xFFFF, 0x001F, 0x001F, 0x001F, 0x001F, 0x001F, 0x001F, 0x001F, 0x001F, 0xFFFF, 0xFFFF, 0xFFFF, 0xFFFF,
 0xFFFF, 0xFFFF, 0xFFFF, 0xFFFF, 0x001F, 0x001F, 0x07E0, 0x07E0, 0x07E0, 0x07E0, 0x001F, 0x001F, 0xFFFF, 0xFFFF, 0xFFFF, 0xFFFF,
 0xFFFF, 0xFFFF, 0xFFFF, 0xFFFF, 0x001F, 0x001F, 0x07E0, 0x07E0, 0x07E0, 0x07E0, 0x001F, 0x001F, 0xFFFF, 0xFFFF, 0xFFFF, 0xFFFF,
 0xFFFF, 0xFFFF, 0xFFFF, 0xFFFF, 0x001F, 0x001F, 0x07E0, 0x07E0, 0x07E0, 0x07E0, 0x001F, 0x001F, 0xFFFF, 0xFFFF, 0xFFFF, 0xFFFF,
 0xFFFF, 0xFFFF, 0xFFFF, 0xFFFF, 0x001F, 0x001F, 0x07E0, 0x07E0, 0x07E0, 0x07E0, 0x001F, 0x001F, 0xFFFF, 0xFFFF, 0xFFFF, 0xFFFF,
 0x001F, 0x001F, 0x001F, 0x001F, 0x001F, 0x001F, 0x001F, 0x001F, 0x001F, 0x001F, 0x001F, 0x001F, 0x001F, 0x001F, 0x001F, 0x001F,
 0x001F, 0x001F, 0x001F, 0x001F, 0x001F, 0x001F, 0x001F, 0x001F, 0x001F, 0x001F, 0x001F, 0x001F, 0x001F, 0x001F, 0x001F, 0x001F,
 0x001F, 0x001F, 0x07E0, 0x07E0, 0x07E0, 0x07E0, 0x07E0, 0x07E0, 0x07E0, 0x07E0, 0x07E0, 0x07E0, 0x07E0, 0x07E0, 0x001F, 0x001F,
 0x001F, 0x001F, 0x07E0, 0x07E0, 0x07E0, 0x07E0, 0x07E0, 0x07E0, 0x07E0, 0x07E0, 0x07E0, 0x07E0, 0x07E0, 0x07E0, 0x001F, 0x001F,
 0x001F, 0x001F, 0x07E0, 0x07E0, 0x07E0, 0x07E0, 0x07E0, 0x07E0, 0x07E0, 0x07E0, 0x07E0, 0x07E0, 0x07E0, 0x07E0, 0x001F, 0x001F,
 0x001F, 0x001F, 0x07E0, 0x07E0, 0x07E0, 0x07E0, 0x07E0, 0x07E0, 0x07E0, 0x07E0, 0x07E0, 0x07E0, 0x07E0, 0x07E0, 0x001F, 0x001F,
 0xFFFF, 0xFFFF, 0x001F, 0x001F, 0x07E0, 0x07E0, 0x07E0, 0x07E0, 0x07E0, 0x07E0, 0x07E0, 0x07E0, 0x001F, 0x001F, 0xFFFF, 0xFFFF,
 0xFFFF, 0xFFFF, 0x001F, 0x001F, 0x07E0, 0x07E0, 0x07E0, 0x07E0, 0x07E0, 0x07E0, 0x07E0, 0x07E0, 0x001F, 0x001F, 0xFFFF, 0xFFFF,
 0xFFFF, 0xFFFF, 0xFFFF, 0xFFFF, 0x001F, 0x001F, 0x001F, 0x001F, 0x001F, 0x001F, 0x001F, 0x001F, 0xFFFF, 0xFFFF, 0xFFFF, 0xFFFF,
 0xFFFF, 0xFFFF, 0xFFFF, 0xFFFF, 0x001F, 0x001F, 0x001F, 0x001F, 0x001F, 0x001F, 0x001F, 0x001F, 0xFFFF, 0xFFFF, 0xFFFF, 0xFFFF,

};

//16x14
const unsigned short greenmushroom2[] = {
 0xFFFF, 0xFFFF, 0xFFFF, 0xFFFF, 0xFFFF, 0xFFFF, 0x07E0, 0x07E0, 0xFFFF, 0xFFFF, 0xFFFF, 0xFFFF, 0xFFFF, 0xFFFF, 0xFFFF, 0xFFFF,
 0xFFFF, 0xFFFF, 0xFFFF, 0xFFFF, 0xFFFF, 0xFFFF, 0x07E0, 0x07E0, 0xFFFF, 0xFFFF, 0xFFFF, 0xFFFF, 0xFFFF, 0xFFFF, 0xFFFF, 0xFFFF,
 0xFFFF, 0xFFFF, 0xFFFF, 0xFFFF, 0x001F, 0x001F, 0x07E0, 0x07E0, 0x07E0, 0x07E0, 0x001F, 0x001F, 0xFFFF, 0xFFFF, 0xFFFF, 0xFFFF,
 0xFFFF, 0xFFFF, 0xFFFF, 0xFFFF, 0x001F, 0x001F, 0x07E0, 0x07E0, 0x07E0, 0x07E0, 0x001F, 0x001F, 0xFFFF, 0xFFFF, 0xFFFF, 0xFFFF,
 0x001F, 0x001F, 0xFFFF, 0xFFFF, 0x001F, 0x001F, 0x001F, 0x001F, 0x001F, 0x001F, 0x001F, 0x001F, 0x001F, 0x001F, 0x001F, 0x001F,
 0x001F, 0x001F, 0xFFFF, 0xFFFF, 0x001F, 0x001F, 0x001F, 0x001F, 0x001F, 0x001F, 0x001F, 0x001F, 0x001F, 0x001F, 0x001F, 0x001F,
 0x001F, 0x001F, 0x07E0, 0x07E0, 0x07E0, 0x07E0, 0x07E0, 0x07E0, 0x07E0, 0x07E0, 0x07E0, 0x07E0, 0x07E0, 0x07E0, 0x001F, 0x001F,
 0x001F, 0x001F, 0x07E0, 0x07E0, 0x07E0, 0x07E0, 0x07E0, 0x07E0, 0x07E0, 0x07E0, 0x07E0, 0x07E0, 0x07E0, 0x07E0, 0x001F, 0x001F,
 0x001F, 0x001F, 0x07E0, 0x07E0, 0x07E0, 0x07E0, 0x07E0, 0x07E0, 0x07E0, 0x07E0, 0x07E0, 0x07E0, 0x07E0, 0x07E0, 0x001F, 0x001F,
 0x001F, 0x001F, 0x07E0, 0x07E0, 0x07E0, 0x07E0, 0x07E0, 0x07E0, 0x07E0, 0x07E0, 0x07E0, 0x07E0, 0x07E0, 0x07E0, 0x001F, 0x001F,
 0xFFFF, 0xFFFF, 0x001F, 0x001F, 0x07E0, 0x07E0, 0x07E0, 0x07E0, 0x07E0, 0x07E0, 0x07E0, 0x07E0, 0x001F, 0x001F, 0xFFFF, 0xFFFF,
 0xFFFF, 0xFFFF, 0x001F, 0x001F, 0x07E0, 0x07E0, 0x07E0, 0x07E0, 0x07E0, 0x07E0, 0x07E0, 0x07E0, 0x001F, 0x001F, 0xFFFF, 0xFFFF,
 0xFFFF, 0xFFFF, 0xFFFF, 0xFFFF, 0x001F, 0x001F, 0x001F, 0x001F, 0x001F, 0x001F, 0x001F, 0x001F, 0xFFFF, 0xFFFF, 0xFFFF, 0xFFFF,
 0xFFFF, 0xFFFF, 0xFFFF, 0xFFFF, 0x001F, 0x001F, 0x001F, 0x001F, 0x001F, 0x001F, 0x001F, 0x001F, 0xFFFF, 0xFFFF, 0xFFFF, 0xFFFF,

};

//16x12
const unsigned short greenmushroom3[] = {
 0xFFFF, 0xFFFF, 0xFFFF, 0xFFFF, 0x001F, 0x001F, 0xFFFF, 0xFFFF, 0xFFFF, 0xFFFF, 0xFFFF, 0xFFFF, 0xFFFF, 0xFFFF, 0xFFFF, 0xFFFF,
 0xFFFF, 0xFFFF, 0xFFFF, 0xFFFF, 0x001F, 0x001F, 0xFFFF, 0xFFFF, 0xFFFF, 0xFFFF, 0xFFFF, 0xFFFF, 0xFFFF, 0xFFFF, 0xFFFF, 0xFFFF,
 0x001F, 0x001F, 0xFFFF, 0xFFFF, 0x001F, 0x001F, 0xFFFF, 0xFFFF, 0x001F, 0x001F, 0xFFFF, 0xFFFF, 0x001F, 0x001F, 0xFFFF, 0xFFFF,
 0x001F, 0x001F, 0xFFFF, 0xFFFF, 0x001F, 0x001F, 0xFFFF, 0xFFFF, 0x001F, 0x001F, 0xFFFF, 0xFFFF, 0x001F, 0x001F, 0xFFFF, 0xFFFF,
 0x001F, 0x001F, 0x07E0, 0x07E0, 0x07E0, 0x07E0, 0x07E0, 0x07E0, 0x07E0, 0x07E0, 0x07E0, 0x07E0, 0x07E0, 0x07E0, 0x001F, 0x001F,
 0x001F, 0x001F, 0x07E0, 0x07E0, 0x07E0, 0x07E0, 0x07E0, 0x07E0, 0x07E0, 0x07E0, 0x07E0, 0x07E0, 0x07E0, 0x07E0, 0x001F, 0x001F,
 0x001F, 0x001F, 0x07E0, 0x07E0, 0x07E0, 0x07E0, 0x07E0, 0x07E0, 0x07E0, 0x07E0, 0x07E0, 0x07E0, 0x07E0, 0x07E0, 0x001F, 0x001F,
 0x001F, 0x001F, 0x07E0, 0x07E0, 0x07E0, 0x07E0, 0x07E0, 0x07E0, 0x07E0, 0x07E0, 0x07E0, 0x07E0, 0x07E0, 0x07E0, 0x001F, 0x001F,
 0xFFFF, 0xFFFF, 0x001F, 0x001F, 0x07E0, 0x07E0, 0x07E0, 0x07E0, 0x07E0, 0x07E0, 0x07E0, 0x07E0, 0x001F, 0x001F, 0xFFFF, 0xFFFF,
 0xFFFF, 0xFFFF, 0x001F, 0x001F, 0x07E0, 0x07E0, 0x07E0, 0x07E0, 0x07E0, 0x07E0, 0x07E0, 0x07E0, 0x001F, 0x001F, 0xFFFF, 0xFFFF,
 0xFFFF, 0xFFFF, 0xFFFF, 0xFFFF, 0x001F, 0x001F, 0x001F, 0x001F, 0x001F, 0x001F, 0x001F, 0x001F, 0xFFFF, 0xFFFF, 0xFFFF, 0xFFFF,
 0xFFFF, 0xFFFF, 0xFFFF, 0xFFFF, 0x001F, 0x001F, 0x001F, 0x001F, 0x001F, 0x001F, 0x001F, 0x001F, 0xFFFF, 0xFFFF, 0xFFFF, 0xFFFF,

};

//16x8
const unsigned short greenmushroom4[] = {
 0x001F, 0x001F, 0xFFFF, 0xFFFF, 0x07E0, 0x07E0, 0xFFFF, 0xFFFF, 0x07E0, 0x07E0, 0xFFFF, 0xFFFF, 0x07E0, 0x07E0, 0x001F, 0x001F,
 0x001F, 0x001F, 0xFFFF, 0xFFFF, 0x07E0, 0x07E0, 0xFFFF, 0xFFFF, 0x07E0, 0x07E0, 0xFFFF, 0xFFFF, 0x07E0, 0x07E0, 0x001F, 0x001F,
 0x001F, 0x001F, 0x07E0, 0x07E0, 0x07E0, 0x07E0, 0xFFFF, 0xFFFF, 0x07E0, 0x07E0, 0x07E0, 0x07E0, 0x07E0, 0x07E0, 0x001F, 0x001F,
 0x001F, 0x001F, 0x07E0, 0x07E0, 0x07E0, 0x07E0, 0xFFFF, 0xFFFF, 0x07E0, 0x07E0, 0x07E0, 0x07E0, 0x07E0, 0x07E0, 0x001F, 0x001F,
 0xFFFF, 0xFFFF, 0x001F, 0x001F, 0x07E0, 0x07E0, 0x07E0, 0x07E0, 0x07E0, 0x07E0, 0x07E0, 0x07E0, 0x001F, 0x001F, 0xFFFF, 0xFFFF,
 0xFFFF, 0xFFFF, 0x001F, 0x001F, 0x07E0, 0x07E0, 0x07E0, 0x07E0, 0x07E0, 0x07E0, 0x07E0, 0x07E0, 0x001F, 0x001F, 0xFFFF, 0xFFFF,
 0xFFFF, 0xFFFF, 0xFFFF, 0xFFFF, 0x001F, 0x001F, 0x001F, 0x001F, 0x001F, 0x001F, 0x001F, 0x001F, 0xFFFF, 0xFFFF, 0xFFFF, 0xFFFF,
 0xFFFF, 0xFFFF, 0xFFFF, 0xFFFF, 0x001F, 0x001F, 0x001F, 0x001F, 0x001F, 0x001F, 0x001F, 0x001F, 0xFFFF, 0xFFFF, 0xFFFF, 0xFFFF,

};

//30x16
const unsigned short greenspider1[] = {
 0xFFFF, 0xFFFF, 0xFFFF, 0xFFFF, 0xFFFF, 0xFFFF, 0xFFFF, 0xFFFF, 0xFFFF, 0xFFFF, 0xFFFF, 0xFFFF, 0x07E0, 0x07E0, 0x001F, 0x001F,
 0x07E0, 0x07E0, 0xFFFF, 0xFFFF, 0xFFFF, 0xFFFF, 0xFFFF, 0xFFFF, 0xFFFF, 0xFFFF, 0xFFFF, 0xFFFF, 0xFFFF, 0xFFFF, 0xFFFF, 0xFFFF,
 0xFFFF, 0xFFFF, 0xFFFF, 0xFFFF, 0xFFFF, 0xFFFF, 0xFFFF, 0xFFFF, 0xFFFF, 0xFFFF, 0x07E0, 0x07E0, 0x001F, 0x001F, 0x07E0, 0x07E0,
 0xFFFF, 0xFFFF, 0xFFFF, 0xFFFF, 0xFFFF, 0xFFFF, 0xFFFF, 0xFFFF, 0xFFFF, 0xFFFF, 0xFFFF, 0xFFFF, 0xC7FF, 0xC7FF, 0xFFFF, 0xFFFF,
 0xFFFF, 0xFFFF, 0xFFFF, 0xFFFF, 0xC7FF, 0xC7FF, 0x07E0, 0x07E0, 0x001F, 0x001F, 0x001F, 0x001F, 0x001F, 0x001F, 0x07E0, 0x07E0,
 0xC7FF, 0xC7FF, 0xFFFF, 0xFFFF, 0xFFFF, 0xFFFF, 0xFFFF, 0xFFFF, 0xC7FF, 0xC7FF, 0xC7FF, 0xC7FF, 0xFFFF, 0xFFFF, 0xFFFF, 0xFFFF,
 0xFFFF, 0xFFFF, 0xC7FF, 0xC7FF, 0x07E0, 0x07E0, 0x001F, 0x001F, 0x001F, 0x001F, 0x001F, 0x001F, 0x07E0, 0x07E0, 0xC7FF, 0xC7FF,
 0xFFFF, 0xFFFF, 0xFFFF, 0xFFFF, 0xFFFF, 0xFFFF, 0xC7FF, 0xC7FF, 0xFFFF, 0xFFFF, 0xC7FF, 0xC7FF, 0xFFFF, 0xFFFF, 0xC7FF, 0xC7FF,
 0xFFFF, 0xFFFF, 0x07E0, 0x07E0, 0x07E0, 0x07E0, 0x07E0, 0x07E0, 0x07E0, 0x07E0, 0x07E0, 0x07E0, 0xFFFF, 0xFFFF, 0xC7FF, 0xC7FF,
 0xFFFF, 0xFFFF, 0xC7FF, 0xC7FF, 0xFFFF, 0xFFFF, 0xFFFF, 0xFFFF, 0xC7FF, 0xC7FF, 0xFFFF, 0xFFFF, 0xC7FF, 0xC7FF, 0xFFFF, 0xFFFF,
 0x07E0, 0x07E0, 0x07E0, 0x07E0, 0x07E0, 0x07E0, 0x07E0, 0x07E0, 0x07E0, 0x07E0, 0xFFFF, 0xFFFF, 0xC7FF, 0xC7FF, 0xFFFF, 0xFFFF,
 0xC7FF, 0xC7FF, 0xFFFF, 0xFFFF, 0xFFFF, 0xFFFF, 0xFFFF, 0xFFFF, 0xC7FF, 0xC7FF, 0xFFFF, 0xFFFF, 0xFFFF, 0xFFFF, 0x001F, 0x001F,
 0x001F, 0x001F, 0x07E0, 0x07E0, 0x001F, 0x001F, 0x001F, 0x001F, 0xFFFF, 0xFFFF, 0xFFFF, 0xFFFF, 0xC7FF, 0xC7FF, 0xFFFF, 0xFFFF,
 0xFFFF, 0xFFFF, 0xFFFF, 0xFFFF, 0xFFFF, 0xFFFF, 0xC7FF, 0xC7FF, 0xFFFF, 0xFFFF, 0xFFFF, 0xFFFF, 0x001F, 0x001F, 0x001F, 0x001F,
 0x07E0, 0x07E0, 0x001F, 0x001F, 0x001F, 0x001F, 0xFFFF, 0xFFFF, 0xFFFF, 0xFFFF, 0xC7FF, 0xC7FF, 0xFFFF, 0xFFFF, 0xFFFF, 0xFFFF,
 0xFFFF, 0xFFFF, 0xFFFF, 0xFFFF, 0xFFFF, 0xFFFF, 0xFFFF, 0xFFFF, 0xFFFF, 0xFFFF, 0xC7FF, 0xC7FF, 0x001F, 0x001F, 0x07E0, 0x07E0,
 0x001F, 0x001F, 0xC7FF, 0xC7FF, 0xFFFF, 0xFFFF, 0xFFFF, 0xFFFF, 0xFFFF, 0xFFFF, 0xFFFF, 0xFFFF, 0xFFFF, 0xFFFF, 0xFFFF, 0xFFFF,
 0xFFFF, 0xFFFF, 0xFFFF, 0xFFFF, 0xFFFF, 0xFFFF, 0xFFFF, 0xFFFF, 0xC7FF, 0xC7FF, 0x001F, 0x001F, 0x07E0, 0x07E0, 0x001F, 0x001F,
 0xC7FF, 0xC7FF, 0xFFFF, 0xFFFF, 0xFFFF, 0xFFFF, 0xFFFF, 0xFFFF, 0xFFFF, 0xFFFF, 0xFFFF, 0xFFFF, 0xC7FF, 0xC7FF, 0xFFFF, 0xFFFF,
 0xFFFF, 0xFFFF, 0xFFFF, 0xFFFF, 0xC7FF, 0xC7FF, 0xFFFF, 0xFFFF, 0xFFFF, 0xFFFF, 0x07E0, 0x07E0, 0xFFFF, 0xFFFF, 0xFFFF, 0xFFFF,
 0xC7FF, 0xC7FF, 0xFFFF, 0xFFFF, 0xFFFF, 0xFFFF, 0xFFFF, 0xFFFF, 0xC7FF, 0xC7FF, 0xC7FF, 0xC7FF, 0xFFFF, 0xFFFF, 0xFFFF, 0xFFFF,
 0xFFFF, 0xFFFF, 0xC7FF, 0xC7FF, 0xFFFF, 0xFFFF, 0xFFFF, 0xFFFF, 0x07E0, 0x07E0, 0xFFFF, 0xFFFF, 0xFFFF, 0xFFFF, 0xC7FF, 0xC7FF,
 0xFFFF, 0xFFFF, 0xFFFF, 0xFFFF, 0xFFFF, 0xFFFF, 0xC7FF, 0xC7FF, 0xFFFF, 0xFFFF, 0xC7FF, 0xC7FF, 0xFFFF, 0xFFFF, 0xC7FF, 0xC7FF,
 0xFFFF, 0xFFFF, 0xFFFF, 0xFFFF, 0xFFFF, 0xFFFF, 0xFFFF, 0xFFFF, 0xFFFF, 0xFFFF, 0xFFFF, 0xFFFF, 0xFFFF, 0xFFFF, 0xC7FF, 0xC7FF,
 0xFFFF, 0xFFFF, 0xC7FF, 0xC7FF, 0xFFFF, 0xFFFF, 0xFFFF, 0xFFFF, 0xC7FF, 0xC7FF, 0xFFFF, 0xFFFF, 0xC7FF, 0xC7FF, 0xFFFF, 0xFFFF,
 0xFFFF, 0xFFFF, 0xFFFF, 0xFFFF, 0xFFFF, 0xFFFF, 0xFFFF, 0xFFFF, 0xFFFF, 0xFFFF, 0xFFFF, 0xFFFF, 0xC7FF, 0xC7FF, 0xFFFF, 0xFFFF,
 0xC7FF, 0xC7FF, 0xFFFF, 0xFFFF, 0xFFFF, 0xFFFF, 0xFFFF, 0xFFFF, 0xC7FF, 0xC7FF, 0xFFFF, 0xFFFF, 0xFFFF, 0xFFFF, 0xFFFF, 0xFFFF,
 0xFFFF, 0xFFFF, 0xFFFF, 0xFFFF, 0xFFFF, 0xFFFF, 0xFFFF, 0xFFFF, 0xFFFF, 0xFFFF, 0xFFFF, 0xFFFF, 0xC7FF, 0xC7FF, 0xFFFF, 0xFFFF,
 0xFFFF, 0xFFFF, 0xFFFF, 0xFFFF, 0xFFFF, 0xFFFF, 0xC7FF, 0xC7FF, 0xFFFF, 0xFFFF, 0xFFFF, 0xFFFF, 0xFFFF, 0xFFFF, 0xFFFF, 0xFFFF,
 0xFFFF, 0xFFFF, 0xFFFF, 0xFFFF, 0xFFFF, 0xFFFF, 0xFFFF, 0xFFFF, 0xFFFF, 0xFFFF, 0xC7FF, 0xC7FF, 0xFFFF, 0xFFFF, 0xFFFF, 0xFFFF,

};

//30x14
const unsigned short greenspider2[] = {
 0xFFFF, 0xFFFF, 0xFFFF, 0xFFFF, 0xFFFF, 0xFFFF, 0xFFFF, 0xFFFF, 0xFFFF, 0xFFFF, 0xFFFF, 0xFFFF, 0x07E0, 0x07E0, 0x001F, 0x001F,
 0x07E0, 0x07E0, 0xFFFF, 0xFFFF, 0xFFFF, 0xFFFF, 0xFFFF, 0xFFFF, 0xFFFF, 0xFFFF, 0xFFFF, 0xFFFF, 0xFFFF, 0xFFFF, 0xFFFF, 0xFFFF,
 0xFFFF, 0xFFFF, 0xFFFF, 0xFFFF, 0xFFFF, 0xFFFF, 0xFFFF, 0xFFFF, 0xFFFF, 0xFFFF, 0x07E0, 0x07E0, 0x001F, 0x001F, 0x07E0, 0x07E0,
 0xFFFF, 0xFFFF, 0xFFFF, 0xFFFF, 0xFFFF, 0xFFFF, 0xFFFF, 0xFFFF, 0xFFFF, 0xFFFF, 0xFFFF, 0xFFFF, 0xC7FF, 0xC7FF, 0xFFFF, 0xFFFF,
 0xFFFF, 0xFFFF, 0xFFFF, 0xFFFF, 0xC7FF, 0xC7FF, 0x07E0, 0x07E0, 0x001F, 0x001F, 0x001F, 0x001F, 0x07E0, 0x07E0, 0x07E0, 0x07E0,
 0xC7FF, 0xC7FF, 0xFFFF, 0xFFFF, 0xFFFF, 0xFFFF, 0xFFFF, 0xFFFF, 0xC7FF, 0xC7FF, 0xC7FF, 0xC7FF, 0xFFFF, 0xFFFF, 0xFFFF, 0xFFFF,
 0xFFFF, 0xFFFF, 0xC7FF, 0xC7FF, 0x07E0, 0x07E0, 0x001F, 0x001F, 0x001F, 0x001F, 0x07E0, 0x07E0, 0x07E0, 0x07E0, 0xC7FF, 0xC7FF,
 0xFFFF, 0xFFFF, 0xFFFF, 0xFFFF, 0xFFFF, 0xFFFF, 0xC7FF, 0xC7FF, 0xFFFF, 0xFFFF, 0xC7FF, 0xC7FF, 0xC7FF, 0xC7FF, 0xC7FF, 0xC7FF,
 0xFFFF, 0xFFFF, 0x07E0, 0x07E0, 0x07E0, 0x07E0, 0x07E0, 0x07E0, 0x07E0, 0x07E0, 0x07E0, 0x07E0, 0xFFFF, 0xFFFF, 0xC7FF, 0xC7FF,
 0xC7FF, 0xC7FF, 0xC7FF, 0xC7FF, 0xFFFF, 0xFFFF, 0xFFFF, 0xFFFF, 0xC7FF, 0xC7FF, 0xC7FF, 0xC7FF, 0xC7FF, 0xC7FF, 0xFFFF, 0xFFFF,
 0x07E0, 0x07E0, 0x07E0, 0x07E0, 0x07E0, 0x07E0, 0x07E0, 0x07E0, 0x07E0, 0x07E0, 0xFFFF, 0xFFFF, 0xC7FF, 0xC7FF, 0xC7FF, 0xC7FF,
 0xC7FF, 0xC7FF, 0xFFFF, 0xFFFF, 0xFFFF, 0xFFFF, 0xFFFF, 0xFFFF, 0xFFFF, 0xFFFF, 0xFFFF, 0xFFFF, 0xFFFF, 0xFFFF, 0x001F, 0x001F,
 0x001F, 0x001F, 0x07E0, 0x07E0, 0x001F, 0x001F, 0x001F, 0x001F, 0xFFFF, 0xFFFF, 0xFFFF, 0xFFFF, 0xFFFF, 0xFFFF, 0xFFFF, 0xFFFF,
 0xFFFF, 0xFFFF, 0xFFFF, 0xFFFF, 0xFFFF, 0xFFFF, 0xFFFF, 0xFFFF, 0xFFFF, 0xFFFF, 0xFFFF, 0xFFFF, 0x001F, 0x001F, 0x001F, 0x001F,
 0x07E0, 0x07E0, 0x001F, 0x001F, 0x001F, 0x001F, 0xFFFF, 0xFFFF, 0xFFFF, 0xFFFF, 0xFFFF, 0xFFFF, 0xFFFF, 0xFFFF, 0xFFFF, 0xFFFF,
 0xFFFF, 0xFFFF, 0xFFFF, 0xFFFF, 0xFFFF, 0xFFFF, 0xFFFF, 0xFFFF, 0xFFFF, 0xFFFF, 0xC7FF, 0xC7FF, 0x001F, 0x001F, 0x07E0, 0x07E0,
 0x001F, 0x001F, 0xC7FF, 0xC7FF, 0xFFFF, 0xFFFF, 0xFFFF, 0xFFFF, 0xFFFF, 0xFFFF, 0xFFFF, 0xFFFF, 0xFFFF, 0xFFFF, 0xFFFF, 0xFFFF,
 0xFFFF, 0xFFFF, 0xFFFF, 0xFFFF, 0xFFFF, 0xFFFF, 0xFFFF, 0xFFFF, 0xC7FF, 0xC7FF, 0x001F, 0x001F, 0x07E0, 0x07E0, 0x001F, 0x001F,
 0xC7FF, 0xC7FF, 0xFFFF, 0xFFFF, 0xFFFF, 0xFFFF, 0xFFFF, 0xFFFF, 0xFFFF, 0xFFFF, 0xFFFF, 0xFFFF, 0xC7FF, 0xC7FF, 0xFFFF, 0xFFFF,
 0xFFFF, 0xFFFF, 0xFFFF, 0xFFFF, 0xC7FF, 0xC7FF, 0xFFFF, 0xFFFF, 0xFFFF, 0xFFFF, 0x07E0, 0x07E0, 0xFFFF, 0xFFFF, 0xFFFF, 0xFFFF,
 0xC7FF, 0xC7FF, 0xFFFF, 0xFFFF, 0xFFFF, 0xFFFF, 0xFFFF, 0xFFFF, 0xC7FF, 0xC7FF, 0xC7FF, 0xC7FF, 0xFFFF, 0xFFFF, 0xFFFF, 0xFFFF,
 0xFFFF, 0xFFFF, 0xC7FF, 0xC7FF, 0xFFFF, 0xFFFF, 0xFFFF, 0xFFFF, 0x07E0, 0x07E0, 0xFFFF, 0xFFFF, 0xFFFF, 0xFFFF, 0xC7FF, 0xC7FF,
 0xFFFF, 0xFFFF, 0xFFFF, 0xFFFF, 0xFFFF, 0xFFFF, 0xC7FF, 0xC7FF, 0xFFFF, 0xFFFF, 0xC7FF, 0xC7FF, 0xC7FF, 0xC7FF, 0xC7FF, 0xC7FF,
 0xFFFF, 0xFFFF, 0xFFFF, 0xFFFF, 0xFFFF, 0xFFFF, 0xFFFF, 0xFFFF, 0xFFFF, 0xFFFF, 0xFFFF, 0xFFFF, 0xFFFF, 0xFFFF, 0xC7FF, 0xC7FF,
 0xC7FF, 0xC7FF, 0xC7FF, 0xC7FF, 0xFFFF, 0xFFFF, 0xFFFF, 0xFFFF, 0xC7FF, 0xC7FF, 0xC7FF, 0xC7FF, 0xC7FF, 0xC7FF, 0xFFFF, 0xFFFF,
 0xFFFF, 0xFFFF, 0xFFFF, 0xFFFF, 0xFFFF, 0xFFFF, 0xFFFF, 0xFFFF, 0xFFFF, 0xFFFF, 0xFFFF, 0xFFFF, 0xC7FF, 0xC7FF, 0xC7FF, 0xC7FF,
 0xC7FF, 0xC7FF, 0xFFFF, 0xFFFF,
};

//30x12
const unsigned short greenspider3[] = {
 0xC7FF, 0xC7FF, 0xFFFF, 0xFFFF, 0xFFFF, 0xFFFF, 0xFFFF, 0xFFFF, 0xFFFF, 0xFFFF, 0xFFFF, 0xFFFF, 0x07E0, 0x07E0, 0x001F, 0x001F,
 0x07E0, 0x07E0, 0xFFFF, 0xFFFF, 0xFFFF, 0xFFFF, 0xFFFF, 0xFFFF, 0xFFFF, 0xFFFF, 0xFFFF, 0xFFFF, 0xC7FF, 0xC7FF, 0xC7FF, 0xC7FF,
 0xFFFF, 0xFFFF, 0xFFFF, 0xFFFF, 0xFFFF, 0xFFFF, 0xFFFF, 0xFFFF, 0xFFFF, 0xFFFF, 0x07E0, 0x07E0, 0x001F, 0x001F, 0x07E0, 0x07E0,
 0xFFFF, 0xFFFF, 0xFFFF, 0xFFFF, 0xFFFF, 0xFFFF, 0xFFFF, 0xFFFF, 0xFFFF, 0xFFFF, 0xC7FF, 0xC7FF, 0xFFFF, 0xFFFF, 0xC7FF, 0xC7FF,
 0xFFFF, 0xFFFF, 0xFFFF, 0xFFFF, 0xC7FF, 0xC7FF, 0x07E0, 0x07E0, 0x07E0, 0x07E0, 0x001F, 0x001F, 0x001F, 0x001F, 0x07E0, 0x07E0,
 0xC7FF, 0xC7FF, 0xFFFF, 0xFFFF, 0xFFFF, 0xFFFF, 0xC7FF, 0xC7FF, 0xFFFF, 0xFFFF, 0xFFFF, 0xFFFF, 0xC7FF, 0xC7FF, 0xFFFF, 0xFFFF,
 0xFFFF, 0xFFFF, 0xC7FF, 0xC7FF, 0x07E0, 0x07E0, 0x07E0, 0x07E0, 0x001F, 0x001F, 0x001F, 0x001F, 0x07E0, 0x07E0, 0xC7FF, 0xC7FF,
 0xFFFF, 0xFFFF, 0xFFFF, 0xFFFF, 0xC7FF, 0xC7FF, 0xFFFF, 0xFFFF, 0xFFFF, 0xFFFF, 0xFFFF, 0xFFFF, 0xC7FF, 0xC7FF, 0xC7FF, 0xC7FF,
 0xFFFF, 0xFFFF, 0x07E0, 0x07E0, 0x07E0, 0x07E0, 0x07E0, 0x07E0, 0x07E0, 0x07E0, 0x07E0, 0x07E0, 0xFFFF, 0xFFFF, 0xC7FF, 0xC7FF,
 0xC7FF, 0xC7FF, 0xFFFF, 0xFFFF, 0xFFFF, 0xFFFF, 0xFFFF, 0xFFFF, 0xFFFF, 0xFFFF, 0xC7FF, 0xC7FF, 0xC7FF, 0xC7FF, 0xFFFF, 0xFFFF,
 0x07E0, 0x07E0, 0x07E0, 0x07E0, 0x07E0, 0x07E0, 0x07E0, 0x07E0, 0x07E0, 0x07E0, 0xFFFF, 0xFFFF, 0xC7FF, 0xC7FF, 0xC7FF, 0xC7FF,
 0xFFFF, 0xFFFF, 0xFFFF, 0xFFFF, 0xC7FF, 0xC7FF, 0xFFFF, 0xFFFF, 0xFFFF, 0xFFFF, 0xFFFF, 0xFFFF, 0xFFFF, 0xFFFF, 0x001F, 0x001F,
 0x001F, 0x001F, 0x07E0, 0x07E0, 0x001F, 0x001F, 0x001F, 0x001F, 0xFFFF, 0xFFFF, 0xFFFF, 0xFFFF, 0xFFFF, 0xFFFF, 0xFFFF, 0xFFFF,
 0xC7FF, 0xC7FF, 0xC7FF, 0xC7FF, 0xFFFF, 0xFFFF, 0xFFFF, 0xFFFF, 0xFFFF, 0xFFFF, 0xFFFF, 0xFFFF, 0x001F, 0x001F, 0x001F, 0x001F,
 0x07E0, 0x07E0, 0x001F, 0x001F, 0x001F, 0x001F, 0xFFFF, 0xFFFF, 0xFFFF, 0xFFFF, 0xFFFF, 0xFFFF, 0xFFFF, 0xFFFF, 0xC7FF, 0xC7FF,
 0xFFFF, 0xFFFF, 0xC7FF, 0xC7FF, 0xFFFF, 0xFFFF, 0xFFFF, 0xFFFF, 0xFFFF, 0xFFFF, 0xC7FF, 0xC7FF, 0x001F, 0x001F, 0x07E0, 0x07E0,
 0x001F, 0x001F, 0xC7FF, 0xC7FF, 0xFFFF, 0xFFFF, 0xFFFF, 0xFFFF, 0xFFFF, 0xFFFF, 0xC7FF, 0xC7FF, 0xFFFF, 0xFFFF, 0xFFFF, 0xFFFF,
 0xC7FF, 0xC7FF, 0xFFFF, 0xFFFF, 0xFFFF, 0xFFFF, 0xFFFF, 0xFFFF, 0xC7FF, 0xC7FF, 0x001F, 0x001F, 0x07E0, 0x07E0, 0x001F, 0x001F,
 0xC7FF, 0xC7FF, 0xFFFF, 0xFFFF, 0xFFFF, 0xFFFF, 0xFFFF, 0xFFFF, 0xC7FF, 0xC7FF, 0xFFFF, 0xFFFF, 0xFFFF, 0xFFFF, 0xFFFF, 0xFFFF,
 0xC7FF, 0xC7FF, 0xC7FF, 0xC7FF, 0xC7FF, 0xC7FF, 0xFFFF, 0xFFFF, 0xFFFF, 0xFFFF, 0x07E0, 0x07E0, 0xFFFF, 0xFFFF, 0xFFFF, 0xFFFF,
 0xC7FF, 0xC7FF, 0xC7FF, 0xC7FF, 0xC7FF, 0xC7FF, 0xFFFF, 0xFFFF, 0xFFFF, 0xFFFF, 0xFFFF, 0xFFFF, 0xFFFF, 0xFFFF, 0xC7FF, 0xC7FF,
 0xC7FF, 0xC7FF, 0xC7FF, 0xC7FF, 0xFFFF, 0xFFFF, 0xFFFF, 0xFFFF, 0x07E0, 0x07E0, 0xFFFF, 0xFFFF, 0xFFFF, 0xFFFF, 0xC7FF, 0xC7FF,
 0xC7FF, 0xC7FF, 0xC7FF, 0xC7FF, 0xFFFF, 0xFFFF, 0xFFFF, 0xFFFF,
};

//30x12
const unsigned short greenspider4[] = {
 0xFFFF, 0xFFFF, 0xFFFF, 0xFFFF, 0xC7FF, 0xC7FF, 0xC7FF, 0xC7FF, 0xFFFF, 0xFFFF, 0xFFFF, 0xFFFF, 0x07E0, 0x07E0, 0x001F, 0x001F,
 0x07E0, 0x07E0, 0xFFFF, 0xFFFF, 0xFFFF, 0xFFFF, 0xC7FF, 0xC7FF, 0xC7FF, 0xC7FF, 0xFFFF, 0xFFFF, 0xFFFF, 0xFFFF, 0xFFFF, 0xFFFF,
 0xFFFF, 0xFFFF, 0xC7FF, 0xC7FF, 0xC7FF, 0xC7FF, 0xFFFF, 0xFFFF, 0xFFFF, 0xFFFF, 0x07E0, 0x07E0, 0x001F, 0x001F, 0x07E0, 0x07E0,
 0xFFFF, 0xFFFF, 0xFFFF, 0xFFFF, 0xC7FF, 0xC7FF, 0xC7FF, 0xC7FF, 0xFFFF, 0xFFFF, 0xFFFF, 0xFFFF, 0xC7FF, 0xC7FF, 0xFFFF, 0xFFFF,
 0xFFFF, 0xFFFF, 0xFFFF, 0xFFFF, 0xC7FF, 0xC7FF, 0x07E0, 0x07E0, 0x07E0, 0x07E0, 0x001F, 0x001F, 0x07E0, 0x07E0, 0x07E0, 0x07E0,
 0xC7FF, 0xC7FF, 0xFFFF, 0xFFFF, 0xFFFF, 0xFFFF, 0xFFFF, 0xFFFF, 0xC7FF, 0xC7FF, 0xC7FF, 0xC7FF, 0xFFFF, 0xFFFF, 0xFFFF, 0xFFFF,
 0xFFFF, 0xFFFF, 0xC7FF, 0xC7FF, 0x07E0, 0x07E0, 0x07E0, 0x07E0, 0x001F, 0x001F, 0x07E0, 0x07E0, 0x07E0, 0x07E0, 0xC7FF, 0xC7FF,
 0xFFFF, 0xFFFF, 0xFFFF, 0xFFFF, 0xFFFF, 0xFFFF, 0xC7FF, 0xC7FF, 0xFFFF, 0xFFFF, 0xC7FF, 0xC7FF, 0xFFFF, 0xFFFF, 0xFFFF, 0xFFFF,
 0xC7FF, 0xC7FF, 0x07E0, 0x07E0, 0x07E0, 0x07E0, 0x07E0, 0x07E0, 0x07E0, 0x07E0, 0x07E0, 0x07E0, 0xC7FF, 0xC7FF, 0xFFFF, 0xFFFF,
 0xFFFF, 0xFFFF, 0xC7FF, 0xC7FF, 0xFFFF, 0xFFFF, 0xFFFF, 0xFFFF, 0xC7FF, 0xC7FF, 0xFFFF, 0xFFFF, 0xFFFF, 0xFFFF, 0xC7FF, 0xC7FF,
 0x07E0, 0x07E0, 0x07E0, 0x07E0, 0x07E0, 0x07E0, 0x07E0, 0x07E0, 0x07E0, 0x07E0, 0xC7FF, 0xC7FF, 0xFFFF, 0xFFFF, 0xFFFF, 0xFFFF,
 0xC7FF, 0xC7FF, 0xFFFF, 0xFFFF, 0xFFFF, 0xFFFF, 0xFFFF, 0xFFFF, 0xC7FF, 0xC7FF, 0xFFFF, 0xFFFF, 0xFFFF, 0xFFFF, 0x001F, 0x001F,
 0x001F, 0x001F, 0x07E0, 0x07E0, 0x001F, 0x001F, 0x001F, 0x001F, 0xFFFF, 0xFFFF, 0xFFFF, 0xFFFF, 0xC7FF, 0xC7FF, 0xFFFF, 0xFFFF,
 0xFFFF, 0xFFFF, 0xFFFF, 0xFFFF, 0xFFFF, 0xFFFF, 0xC7FF, 0xC7FF, 0xFFFF, 0xFFFF, 0xFFFF, 0xFFFF, 0x001F, 0x001F, 0x001F, 0x001F,
 0x07E0, 0x07E0, 0x001F, 0x001F, 0x001F, 0x001F, 0xFFFF, 0xFFFF, 0xFFFF, 0xFFFF, 0xC7FF, 0xC7FF, 0xFFFF, 0xFFFF, 0xFFFF, 0xFFFF,
 0xFFFF, 0xFFFF, 0xFFFF, 0xFFFF, 0xFFFF, 0xFFFF, 0xC7FF, 0xC7FF, 0xC7FF, 0xC7FF, 0xC7FF, 0xC7FF, 0x001F, 0x001F, 0x07E0, 0x07E0,
 0x001F, 0x001F, 0xC7FF, 0xC7FF, 0xC7FF, 0xC7FF, 0xC7FF, 0xC7FF, 0xFFFF, 0xFFFF, 0xFFFF, 0xFFFF, 0xFFFF, 0xFFFF, 0xFFFF, 0xFFFF,
 0xFFFF, 0xFFFF, 0xFFFF, 0xFFFF, 0xC7FF, 0xC7FF, 0xC7FF, 0xC7FF, 0xC7FF, 0xC7FF, 0x001F, 0x001F, 0x07E0, 0x07E0, 0x001F, 0x001F,
 0xC7FF, 0xC7FF, 0xC7FF, 0xC7FF, 0xC7FF, 0xC7FF, 0xFFFF, 0xFFFF, 0xFFFF, 0xFFFF, 0xFFFF, 0xFFFF, 0xFFFF, 0xFFFF, 0xFFFF, 0xFFFF,
 0xFFFF, 0xFFFF, 0xFFFF, 0xFFFF, 0xFFFF, 0xFFFF, 0xFFFF, 0xFFFF, 0xFFFF, 0xFFFF, 0x07E0, 0x07E0, 0xFFFF, 0xFFFF, 0xFFFF, 0xFFFF,
 0xFFFF, 0xFFFF, 0xFFFF, 0xFFFF, 0xFFFF, 0xFFFF, 0xFFFF, 0xFFFF, 0xFFFF, 0xFFFF, 0xFFFF, 0xFFFF, 0xFFFF, 0xFFFF, 0xFFFF, 0xFFFF,
 0xFFFF, 0xFFFF, 0xFFFF, 0xFFFF, 0xFFFF, 0xFFFF, 0xFFFF, 0xFFFF, 0x07E0, 0x07E0, 0xFFFF, 0xFFFF, 0xFFFF, 0xFFFF, 0xFFFF, 0xFFFF,
 0xFFFF, 0xFFFF, 0xFFFF, 0xFFFF, 0xFFFF, 0xFFFF, 0xFFFF, 0xFFFF,
};

//30x12
const unsigned short greenspider5[] = {
 0xC7FF, 0xC7FF, 0xFFFF, 0xFFFF, 0xFFFF, 0xFFFF, 0xFFFF, 0xFFFF, 0xFFFF, 0xFFFF, 0xFFFF, 0xFFFF, 0x07E0, 0x07E0, 0x001F, 0x001F,
 0x07E0, 0x07E0, 0xFFFF, 0xFFFF, 0xFFFF, 0xFFFF, 0xFFFF, 0xFFFF, 0xFFFF, 0xFFFF, 0xFFFF, 0xFFFF, 0xC7FF, 0xC7FF, 0xC7FF, 0xC7FF,
 0xFFFF, 0xFFFF, 0xFFFF, 0xFFFF, 0xFFFF, 0xFFFF, 0xFFFF, 0xFFFF, 0xFFFF, 0xFFFF, 0x07E0, 0x07E0, 0x001F, 0x001F, 0x07E0, 0x07E0,
 0xFFFF, 0xFFFF, 0xFFFF, 0xFFFF, 0xFFFF, 0xFFFF, 0xFFFF, 0xFFFF, 0xFFFF, 0xFFFF, 0xC7FF, 0xC7FF, 0xFFFF, 0xFFFF, 0xC7FF, 0xC7FF,
 0xFFFF, 0xFFFF, 0xFFFF, 0xFFFF, 0xC7FF, 0xC7FF, 0x07E0, 0x07E0, 0x001F, 0x001F, 0x001F, 0x001F, 0x001F, 0x001F, 0x07E0, 0x07E0,
 0xC7FF, 0xC7FF, 0xFFFF, 0xFFFF, 0xFFFF, 0xFFFF, 0xC7FF, 0xC7FF, 0xFFFF, 0xFFFF, 0xFFFF, 0xFFFF, 0xC7FF, 0xC7FF, 0xFFFF, 0xFFFF,
 0xFFFF, 0xFFFF, 0xC7FF, 0xC7FF, 0x07E0, 0x07E0, 0x001F, 0x001F, 0x001F, 0x001F, 0x001F, 0x001F, 0x07E0, 0x07E0, 0xC7FF, 0xC7FF,
 0xFFFF, 0xFFFF, 0xFFFF, 0xFFFF, 0xC7FF, 0xC7FF, 0xFFFF, 0xFFFF, 0xFFFF, 0xFFFF, 0xFFFF, 0xFFFF, 0xC7FF, 0xC7FF, 0xC7FF, 0xC7FF,
 0xFFFF, 0xFFFF, 0x07E0, 0x07E0, 0x07E0, 0x07E0, 0x07E0, 0x07E0, 0x07E0, 0x07E0, 0x07E0, 0x07E0, 0xFFFF, 0xFFFF, 0xC7FF, 0xC7FF,
 0xC7FF, 0xC7FF, 0xFFFF, 0xFFFF, 0xFFFF, 0xFFFF, 0xFFFF, 0xFFFF, 0xFFFF, 0xFFFF, 0xC7FF, 0xC7FF, 0xC7FF, 0xC7FF, 0xFFFF, 0xFFFF,
 0x07E0, 0x07E0, 0x07E0, 0x07E0, 0x07E0, 0x07E0, 0x07E0, 0x07E0, 0x07E0, 0x07E0, 0xFFFF, 0xFFFF, 0xC7FF, 0xC7FF, 0xC7FF, 0xC7FF,
 0xFFFF, 0xFFFF, 0xFFFF, 0xFFFF, 0xC7FF, 0xC7FF, 0xFFFF, 0xFFFF, 0xFFFF, 0xFFFF, 0xFFFF, 0xFFFF, 0xFFFF, 0xFFFF, 0x001F, 0x001F,
 0x001F, 0x001F, 0x07E0, 0x07E0, 0x001F, 0x001F, 0x001F, 0x001F, 0xFFFF, 0xFFFF, 0xFFFF, 0xFFFF, 0xFFFF, 0xFFFF, 0xFFFF, 0xFFFF,
 0xC7FF, 0xC7FF, 0xC7FF, 0xC7FF, 0xFFFF, 0xFFFF, 0xFFFF, 0xFFFF, 0xFFFF, 0xFFFF, 0xFFFF, 0xFFFF, 0x001F, 0x001F, 0x001F, 0x001F,
 0x07E0, 0x07E0, 0x001F, 0x001F, 0x001F, 0x001F, 0xFFFF, 0xFFFF, 0xFFFF, 0xFFFF, 0xFFFF, 0xFFFF, 0xFFFF, 0xFFFF, 0xC7FF, 0xC7FF,
 0xFFFF, 0xFFFF, 0xC7FF, 0xC7FF, 0xFFFF, 0xFFFF, 0xFFFF, 0xFFFF, 0xFFFF, 0xFFFF, 0xC7FF, 0xC7FF, 0x001F, 0x001F, 0x07E0, 0x07E0,
 0x001F, 0x001F, 0xC7FF, 0xC7FF, 0xFFFF, 0xFFFF, 0xFFFF, 0xFFFF, 0xFFFF, 0xFFFF, 0xC7FF, 0xC7FF, 0xFFFF, 0xFFFF, 0xFFFF, 0xFFFF,
 0xC7FF, 0xC7FF, 0xFFFF, 0xFFFF, 0xFFFF, 0xFFFF, 0xFFFF, 0xFFFF, 0xC7FF, 0xC7FF, 0x001F, 0x001F, 0x07E0, 0x07E0, 0x001F, 0x001F,
 0xC7FF, 0xC7FF, 0xFFFF, 0xFFFF, 0xFFFF, 0xFFFF, 0xFFFF, 0xFFFF, 0xC7FF, 0xC7FF, 0xFFFF, 0xFFFF, 0xFFFF, 0xFFFF, 0xFFFF, 0xFFFF,
 0xC7FF, 0xC7FF, 0xC7FF, 0xC7FF, 0xC7FF, 0xC7FF, 0xFFFF, 0xFFFF, 0xFFFF, 0xFFFF, 0x07E0, 0x07E0, 0xFFFF, 0xFFFF, 0xFFFF, 0xFFFF,
 0xC7FF, 0xC7FF, 0xC7FF, 0xC7FF, 0xC7FF, 0xC7FF, 0xFFFF, 0xFFFF, 0xFFFF, 0xFFFF, 0xFFFF, 0xFFFF, 0xFFFF, 0xFFFF, 0xC7FF, 0xC7FF,
 0xC7FF, 0xC7FF, 0xC7FF, 0xC7FF, 0xFFFF, 0xFFFF, 0xFFFF, 0xFFFF, 0x07E0, 0x07E0, 0xFFFF, 0xFFFF, 0xFFFF, 0xFFFF, 0xC7FF, 0xC7FF,
 0xC7FF, 0xC7FF, 0xC7FF, 0xC7FF, 0xFFFF, 0xFFFF, 0xFFFF, 0xFFFF,
};

//30x14
const unsigned short greenspider6[] = {
 0xFFFF, 0xFFFF, 0xFFFF, 0xFFFF, 0xFFFF, 0xFFFF, 0xFFFF, 0xFFFF, 0xFFFF, 0xFFFF, 0xFFFF, 0xFFFF, 0x07E0, 0x07E0, 0x001F, 0x001F,
 0x07E0, 0x07E0, 0xFFFF, 0xFFFF, 0xFFFF, 0xFFFF, 0xFFFF, 0xFFFF, 0xFFFF, 0xFFFF, 0xFFFF, 0xFFFF, 0xFFFF, 0xFFFF, 0xFFFF, 0xFFFF,
 0xFFFF, 0xFFFF, 0xFFFF, 0xFFFF, 0xFFFF, 0xFFFF, 0xFFFF, 0xFFFF, 0xFFFF, 0xFFFF, 0x07E0, 0x07E0, 0x001F, 0x001F, 0x07E0, 0x07E0,
 0xFFFF, 0xFFFF, 0xFFFF, 0xFFFF, 0xFFFF, 0xFFFF, 0xFFFF, 0xFFFF, 0xFFFF, 0xFFFF, 0xFFFF, 0xFFFF, 0xC7FF, 0xC7FF, 0xFFFF, 0xFFFF,
 0xFFFF, 0xFFFF, 0xFFFF, 0xFFFF, 0xC7FF, 0xC7FF, 0x07E0, 0x07E0, 0x001F, 0x001F, 0x001F, 0x001F, 0x07E0, 0x07E0, 0x07E0, 0x07E0,
 0xC7FF, 0xC7FF, 0xFFFF, 0xFFFF, 0xFFFF, 0xFFFF, 0xFFFF, 0xFFFF, 0xC7FF, 0xC7FF, 0xC7FF, 0xC7FF, 0xFFFF, 0xFFFF, 0xFFFF, 0xFFFF,
 0xFFFF, 0xFFFF, 0xC7FF, 0xC7FF, 0x07E0, 0x07E0, 0x001F, 0x001F, 0x001F, 0x001F, 0x07E0, 0x07E0, 0x07E0, 0x07E0, 0xC7FF, 0xC7FF,
 0xFFFF, 0xFFFF, 0xFFFF, 0xFFFF, 0xFFFF, 0xFFFF, 0xC7FF, 0xC7FF, 0xFFFF, 0xFFFF, 0xC7FF, 0xC7FF, 0xC7FF, 0xC7FF, 0xC7FF, 0xC7FF,
 0xFFFF, 0xFFFF, 0x07E0, 0x07E0, 0x07E0, 0x07E0, 0x07E0, 0x07E0, 0x07E0, 0x07E0, 0x07E0, 0x07E0, 0xFFFF, 0xFFFF, 0xC7FF, 0xC7FF,
 0xC7FF, 0xC7FF, 0xC7FF, 0xC7FF, 0xFFFF, 0xFFFF, 0xFFFF, 0xFFFF, 0xC7FF, 0xC7FF, 0xC7FF, 0xC7FF, 0xC7FF, 0xC7FF, 0xFFFF, 0xFFFF,
 0x07E0, 0x07E0, 0x07E0, 0x07E0, 0x07E0, 0x07E0, 0x07E0, 0x07E0, 0x07E0, 0x07E0, 0xFFFF, 0xFFFF, 0xC7FF, 0xC7FF, 0xC7FF, 0xC7FF,
 0xC7FF, 0xC7FF, 0xFFFF, 0xFFFF, 0xFFFF, 0xFFFF, 0xFFFF, 0xFFFF, 0xFFFF, 0xFFFF, 0xFFFF, 0xFFFF, 0xFFFF, 0xFFFF, 0x001F, 0x001F,
 0x001F, 0x001F, 0x07E0, 0x07E0, 0x001F, 0x001F, 0x001F, 0x001F, 0xFFFF, 0xFFFF, 0xFFFF, 0xFFFF, 0xFFFF, 0xFFFF, 0xFFFF, 0xFFFF,
 0xFFFF, 0xFFFF, 0xFFFF, 0xFFFF, 0xFFFF, 0xFFFF, 0xFFFF, 0xFFFF, 0xFFFF, 0xFFFF, 0xFFFF, 0xFFFF, 0x001F, 0x001F, 0x001F, 0x001F,
 0x07E0, 0x07E0, 0x001F, 0x001F, 0x001F, 0x001F, 0xFFFF, 0xFFFF, 0xFFFF, 0xFFFF, 0xFFFF, 0xFFFF, 0xFFFF, 0xFFFF, 0xFFFF, 0xFFFF,
 0xFFFF, 0xFFFF, 0xFFFF, 0xFFFF, 0xFFFF, 0xFFFF, 0xFFFF, 0xFFFF, 0xFFFF, 0xFFFF, 0xC7FF, 0xC7FF, 0x001F, 0x001F, 0x07E0, 0x07E0,
 0x001F, 0x001F, 0xC7FF, 0xC7FF, 0xFFFF, 0xFFFF, 0xFFFF, 0xFFFF, 0xFFFF, 0xFFFF, 0xFFFF, 0xFFFF, 0xFFFF, 0xFFFF, 0xFFFF, 0xFFFF,
 0xFFFF, 0xFFFF, 0xFFFF, 0xFFFF, 0xFFFF, 0xFFFF, 0xFFFF, 0xFFFF, 0xC7FF, 0xC7FF, 0x001F, 0x001F, 0x07E0, 0x07E0, 0x001F, 0x001F,
 0xC7FF, 0xC7FF, 0xFFFF, 0xFFFF, 0xFFFF, 0xFFFF, 0xFFFF, 0xFFFF, 0xFFFF, 0xFFFF, 0xFFFF, 0xFFFF, 0xC7FF, 0xC7FF, 0xFFFF, 0xFFFF,
 0xFFFF, 0xFFFF, 0xFFFF, 0xFFFF, 0xC7FF, 0xC7FF, 0xFFFF, 0xFFFF, 0xFFFF, 0xFFFF, 0x07E0, 0x07E0, 0xFFFF, 0xFFFF, 0xFFFF, 0xFFFF,
 0xC7FF, 0xC7FF, 0xFFFF, 0xFFFF, 0xFFFF, 0xFFFF, 0xFFFF, 0xFFFF, 0xC7FF, 0xC7FF, 0xC7FF, 0xC7FF, 0xFFFF, 0xFFFF, 0xFFFF, 0xFFFF,
 0xFFFF, 0xFFFF, 0xC7FF, 0xC7FF, 0xFFFF, 0xFFFF, 0xFFFF, 0xFFFF, 0x07E0, 0x07E0, 0xFFFF, 0xFFFF, 0xFFFF, 0xFFFF, 0xC7FF, 0xC7FF,
 0xFFFF, 0xFFFF, 0xFFFF, 0xFFFF, 0xFFFF, 0xFFFF, 0xC7FF, 0xC7FF, 0xFFFF, 0xFFFF, 0xC7FF, 0xC7FF, 0xC7FF, 0xC7FF, 0xC7FF, 0xC7FF,
 0xFFFF, 0xFFFF, 0xFFFF, 0xFFFF, 0xFFFF, 0xFFFF, 0xFFFF, 0xFFFF, 0xFFFF, 0xFFFF, 0xFFFF, 0xFFFF, 0xFFFF, 0xFFFF, 0xC7FF, 0xC7FF,
 0xC7FF, 0xC7FF, 0xC7FF, 0xC7FF, 0xFFFF, 0xFFFF, 0xFFFF, 0xFFFF, 0xC7FF, 0xC7FF, 0xC7FF, 0xC7FF, 0xC7FF, 0xC7FF, 0xFFFF, 0xFFFF,
 0xFFFF, 0xFFFF, 0xFFFF, 0xFFFF, 0xFFFF, 0xFFFF, 0xFFFF, 0xFFFF, 0xFFFF, 0xFFFF, 0xFFFF, 0xFFFF, 0xC7FF, 0xC7FF, 0xC7FF, 0xC7FF,
 0xC7FF, 0xC7FF, 0xFFFF, 0xFFFF,
};

//30x14
const unsigned short greenspider7[] = {
 0xFFFF, 0xFFFF, 0xC7FF, 0xC7FF, 0xFFFF, 0xFFFF, 0xFFFF, 0xFFFF, 0xFFFF, 0xFFFF, 0xFFFF, 0xFFFF, 0x07E0, 0x07E0, 0x001F, 0x001F,
 0x07E0, 0x07E0, 0xFFFF, 0xFFFF, 0xFFFF, 0xFFFF, 0xFFFF, 0xFFFF, 0xFFFF, 0xFFFF, 0xC7FF, 0xC7FF, 0xFFFF, 0xFFFF, 0xFFFF, 0xFFFF,
 0xC7FF, 0xC7FF, 0xFFFF, 0xFFFF, 0xFFFF, 0xFFFF, 0xFFFF, 0xFFFF, 0xFFFF, 0xFFFF, 0x07E0, 0x07E0, 0x001F, 0x001F, 0x07E0, 0x07E0,
 0xFFFF, 0xFFFF, 0xFFFF, 0xFFFF, 0xFFFF, 0xFFFF, 0xFFFF, 0xFFFF, 0xC7FF, 0xC7FF, 0xFFFF, 0xFFFF, 0xFFFF, 0xFFFF, 0xFFFF, 0xFFFF,
 0xC7FF, 0xC7FF, 0xFFFF, 0xFFFF, 0xC7FF, 0xC7FF, 0x07E0, 0x07E0, 0x07E0, 0x07E0, 0x001F, 0x001F, 0x001F, 0x001F, 0x07E0, 0x07E0,
 0xC7FF, 0xC7FF, 0xFFFF, 0xFFFF, 0xC7FF, 0xC7FF, 0xFFFF, 0xFFFF, 0xFFFF, 0xFFFF, 0xFFFF, 0xFFFF, 0xFFFF, 0xFFFF, 0xC7FF, 0xC7FF,
 0xFFFF, 0xFFFF, 0xC7FF, 0xC7FF, 0x07E0, 0x07E0, 0x07E0, 0x07E0, 0x001F, 0x001F, 0x001F, 0x001F, 0x07E0, 0x07E0, 0xC7FF, 0xC7FF,
 0xFFFF, 0xFFFF, 0xC7FF, 0xC7FF, 0xFFFF, 0xFFFF, 0xFFFF, 0xFFFF, 0xFFFF, 0xFFFF, 0xFFFF, 0xFFFF, 0xFFFF, 0xFFFF, 0xC7FF, 0xC7FF,
 0xFFFF, 0xFFFF, 0x07E0, 0x07E0, 0x07E0, 0x07E0, 0x07E0, 0x07E0, 0x07E0, 0x07E0, 0x07E0, 0x07E0, 0xFFFF, 0xFFFF, 0xC7FF, 0xC7FF,
 0xFFFF, 0xFFFF, 0xFFFF, 0xFFFF, 0xFFFF, 0xFFFF, 0xFFFF, 0xFFFF, 0xFFFF, 0xFFFF, 0xFFFF, 0xFFFF, 0xC7FF, 0xC7FF, 0xFFFF, 0xFFFF,
 0x07E0, 0x07E0, 0x07E0, 0x07E0, 0x07E0, 0x07E0, 0x07E0, 0x07E0, 0x07E0, 0x07E0, 0xFFFF, 0xFFFF, 0xC7FF, 0xC7FF, 0xFFFF, 0xFFFF,
 0xFFFF, 0xFFFF, 0xFFFF, 0xFFFF, 0xC7FF, 0xC7FF, 0xFFFF, 0xFFFF, 0xFFFF, 0xFFFF, 0xC7FF, 0xC7FF, 0xFFFF, 0xFFFF, 0x001F, 0x001F,
 0x001F, 0x001F, 0x07E0, 0x07E0, 0x001F, 0x001F, 0x001F, 0x001F, 0xFFFF, 0xFFFF, 0xC7FF, 0xC7FF, 0xFFFF, 0xFFFF, 0xFFFF, 0xFFFF,
 0xC7FF, 0xC7FF, 0xC7FF, 0xC7FF, 0xFFFF, 0xFFFF, 0xFFFF, 0xFFFF, 0xC7FF, 0xC7FF, 0xFFFF, 0xFFFF, 0x001F, 0x001F, 0x001F, 0x001F,
 0x07E0, 0x07E0, 0x001F, 0x001F, 0x001F, 0x001F, 0xFFFF, 0xFFFF, 0xC7FF, 0xC7FF, 0xFFFF, 0xFFFF, 0xFFFF, 0xFFFF, 0xC7FF, 0xC7FF,
 0xFFFF, 0xFFFF, 0xC7FF, 0xC7FF, 0xFFFF, 0xFFFF, 0xFFFF, 0xFFFF, 0xFFFF, 0xFFFF, 0xC7FF, 0xC7FF, 0x001F, 0x001F, 0x07E0, 0x07E0,
 0x001F, 0x001F, 0xC7FF, 0xC7FF, 0xFFFF, 0xFFFF, 0xFFFF, 0xFFFF, 0xFFFF, 0xFFFF, 0xC7FF, 0xC7FF, 0xFFFF, 0xFFFF, 0xFFFF, 0xFFFF,
 0xC7FF, 0xC7FF, 0xFFFF, 0xFFFF, 0xFFFF, 0xFFFF, 0xFFFF, 0xFFFF, 0xC7FF, 0xC7FF, 0x001F, 0x001F, 0x07E0, 0x07E0, 0x001F, 0x001F,
 0xC7FF, 0xC7FF, 0xFFFF, 0xFFFF, 0xFFFF, 0xFFFF, 0xFFFF, 0xFFFF, 0xC7FF, 0xC7FF, 0xFFFF, 0xFFFF, 0xFFFF, 0xFFFF, 0xFFFF, 0xFFFF,
 0xC7FF, 0xC7FF, 0xFFFF, 0xFFFF, 0xC7FF, 0xC7FF, 0xFFFF, 0xFFFF, 0xFFFF, 0xFFFF, 0x07E0, 0x07E0, 0xFFFF, 0xFFFF, 0xFFFF, 0xFFFF,
 0xC7FF, 0xC7FF, 0xFFFF, 0xFFFF, 0xC7FF, 0xC7FF, 0xFFFF, 0xFFFF, 0xFFFF, 0xFFFF, 0xFFFF, 0xFFFF, 0xFFFF, 0xFFFF, 0xC7FF, 0xC7FF,
 0xFFFF, 0xFFFF, 0xC7FF, 0xC7FF, 0xFFFF, 0xFFFF, 0xFFFF, 0xFFFF, 0x07E0, 0x07E0, 0xFFFF, 0xFFFF, 0xFFFF, 0xFFFF, 0xC7FF, 0xC7FF,
 0xFFFF, 0xFFFF, 0xC7FF, 0xC7FF, 0xFFFF, 0xFFFF, 0xFFFF, 0xFFFF, 0xFFFF, 0xFFFF, 0xFFFF, 0xFFFF, 0xFFFF, 0xFFFF, 0xC7FF, 0xC7FF,
 0xFFFF, 0xFFFF, 0xFFFF, 0xFFFF, 0xFFFF, 0xFFFF, 0xFFFF, 0xFFFF, 0xFFFF, 0xFFFF, 0xFFFF, 0xFFFF, 0xFFFF, 0xFFFF, 0xC7FF, 0xC7FF,
 0xFFFF, 0xFFFF, 0xFFFF, 0xFFFF, 0xFFFF, 0xFFFF, 0xFFFF, 0xFFFF, 0xFFFF, 0xFFFF, 0xFFFF, 0xFFFF, 0xC7FF, 0xC7FF, 0xFFFF, 0xFFFF,
 0xFFFF, 0xFFFF, 0xFFFF, 0xFFFF, 0xFFFF, 0xFFFF, 0xFFFF, 0xFFFF, 0xFFFF, 0xFFFF, 0xFFFF, 0xFFFF, 0xC7FF, 0xC7FF, 0xFFFF, 0xFFFF,
 0xFFFF, 0xFFFF, 0xFFFF, 0xFFFF,
};

//30x16
const unsigned short greenspider8[] = {
 0xFFFF, 0xFFFF, 0xFFFF, 0xFFFF, 0xC7FF, 0xC7FF, 0xFFFF, 0xFFFF, 0xFFFF, 0xFFFF, 0xFFFF, 0xFFFF, 0x07E0, 0x07E0, 0x001F, 0x001F,
 0x07E0, 0x07E0, 0xFFFF, 0xFFFF, 0xFFFF, 0xFFFF, 0xFFFF, 0xFFFF, 0xC7FF, 0xC7FF, 0xFFFF, 0xFFFF, 0xFFFF, 0xFFFF, 0xFFFF, 0xFFFF,
 0xFFFF, 0xFFFF, 0xC7FF, 0xC7FF, 0xFFFF, 0xFFFF, 0xFFFF, 0xFFFF, 0xFFFF, 0xFFFF, 0x07E0, 0x07E0, 0x001F, 0x001F, 0x07E0, 0x07E0,
 0xFFFF, 0xFFFF, 0xFFFF, 0xFFFF, 0xFFFF, 0xFFFF, 0xC7FF, 0xC7FF, 0xFFFF, 0xFFFF, 0xFFFF, 0xFFFF, 0xFFFF, 0xFFFF, 0xFFFF, 0xFFFF,
 0xFFFF, 0xFFFF, 0xC7FF, 0xC7FF, 0xC7FF, 0xC7FF, 0x07E0, 0x07E0, 0x07E0, 0x07E0, 0x001F, 0x001F, 0x07E0, 0x07E0, 0x07E0, 0x07E0,
 0xC7FF, 0xC7FF, 0xC7FF, 0xC7FF, 0xFFFF, 0xFFFF, 0xFFFF, 0xFFFF, 0xFFFF, 0xFFFF, 0xFFFF, 0xFFFF, 0xFFFF, 0xFFFF, 0xFFFF, 0xFFFF,
 0xC7FF, 0xC7FF, 0xC7FF, 0xC7FF, 0x07E0, 0x07E0, 0x07E0, 0x07E0, 0x001F, 0x001F, 0x07E0, 0x07E0, 0x07E0, 0x07E0, 0xC7FF, 0xC7FF,
 0xC7FF, 0xC7FF, 0xFFFF, 0xFFFF, 0xFFFF, 0xFFFF, 0xFFFF, 0xFFFF, 0xC7FF, 0xC7FF, 0xFFFF, 0xFFFF, 0xFFFF, 0xFFFF, 0xC7FF, 0xC7FF,
 0xFFFF, 0xFFFF, 0x07E0, 0x07E0, 0x07E0, 0x07E0, 0x07E0, 0x07E0, 0x07E0, 0x07E0, 0x07E0, 0x07E0, 0xFFFF, 0xFFFF, 0xC7FF, 0xC7FF,
 0xFFFF, 0xFFFF, 0xFFFF, 0xFFFF, 0xC7FF, 0xC7FF, 0xC7FF, 0xC7FF, 0xFFFF, 0xFFFF, 0xFFFF, 0xFFFF, 0xC7FF, 0xC7FF, 0xFFFF, 0xFFFF,
 0x07E0, 0x07E0, 0x07E0, 0x07E0, 0x07E0, 0x07E0, 0x07E0, 0x07E0, 0x07E0, 0x07E0, 0xFFFF, 0xFFFF, 0xC7FF, 0xC7FF, 0xFFFF, 0xFFFF,
 0xFFFF, 0xFFFF, 0xC7FF, 0xC7FF, 0xFFFF, 0xFFFF, 0xC7FF, 0xC7FF, 0xFFFF, 0xFFFF, 0xFFFF, 0xFFFF, 0xFFFF, 0xFFFF, 0x001F, 0x001F,
 0x001F, 0x001F, 0x07E0, 0x07E0, 0x001F, 0x001F, 0x001F, 0x001F, 0xFFFF, 0xFFFF, 0xFFFF, 0xFFFF, 0xFFFF, 0xFFFF, 0xC7FF, 0xC7FF,
 0xFFFF, 0xFFFF, 0xFFFF, 0xFFFF, 0xC7FF, 0xC7FF, 0xFFFF, 0xFFFF, 0xFFFF, 0xFFFF, 0xFFFF, 0xFFFF, 0x001F, 0x001F, 0x001F, 0x001F,
 0x07E0, 0x07E0, 0x001F, 0x001F, 0x001F, 0x001F, 0xFFFF, 0xFFFF, 0xFFFF, 0xFFFF, 0xFFFF, 0xFFFF, 0xC7FF, 0xC7FF, 0xFFFF, 0xFFFF,
 0xFFFF, 0xFFFF, 0xFFFF, 0xFFFF, 0xC7FF, 0xC7FF, 0xFFFF, 0xFFFF, 0xFFFF, 0xFFFF, 0xC7FF, 0xC7FF, 0x001F, 0x001F, 0x07E0, 0x07E0,
 0x001F, 0x001F, 0xC7FF, 0xC7FF, 0xFFFF, 0xFFFF, 0xFFFF, 0xFFFF, 0xC7FF, 0xC7FF, 0xFFFF, 0xFFFF, 0xFFFF, 0xFFFF, 0xFFFF, 0xFFFF,
 0xFFFF, 0xFFFF, 0xC7FF, 0xC7FF, 0xFFFF, 0xFFFF, 0xFFFF, 0xFFFF, 0xC7FF, 0xC7FF, 0x001F, 0x001F, 0x07E0, 0x07E0, 0x001F, 0x001F,
 0xC7FF, 0xC7FF, 0xFFFF, 0xFFFF, 0xFFFF, 0xFFFF, 0xC7FF, 0xC7FF, 0xFFFF, 0xFFFF, 0xFFFF, 0xFFFF, 0xFFFF, 0xFFFF, 0xFFFF, 0xFFFF,
 0xFFFF, 0xFFFF, 0xC7FF, 0xC7FF, 0xC7FF, 0xC7FF, 0xFFFF, 0xFFFF, 0xFFFF, 0xFFFF, 0x07E0, 0x07E0, 0xFFFF, 0xFFFF, 0xFFFF, 0xFFFF,
 0xC7FF, 0xC7FF, 0xC7FF, 0xC7FF, 0xFFFF, 0xFFFF, 0xFFFF, 0xFFFF, 0xFFFF, 0xFFFF, 0xFFFF, 0xFFFF, 0xFFFF, 0xFFFF, 0xFFFF, 0xFFFF,
 0xC7FF, 0xC7FF, 0xC7FF, 0xC7FF, 0xFFFF, 0xFFFF, 0xFFFF, 0xFFFF, 0x07E0, 0x07E0, 0xFFFF, 0xFFFF, 0xFFFF, 0xFFFF, 0xC7FF, 0xC7FF,
 0xC7FF, 0xC7FF, 0xFFFF, 0xFFFF, 0xFFFF, 0xFFFF, 0xFFFF, 0xFFFF, 0xFFFF, 0xFFFF, 0xFFFF, 0xFFFF, 0xFFFF, 0xFFFF, 0xFFFF, 0xFFFF,
 0xC7FF, 0xC7FF, 0xFFFF, 0xFFFF, 0xFFFF, 0xFFFF, 0xFFFF, 0xFFFF, 0xFFFF, 0xFFFF, 0xFFFF, 0xFFFF, 0xC7FF, 0xC7FF, 0xFFFF, 0xFFFF,
 0xFFFF, 0xFFFF, 0xFFFF, 0xFFFF, 0xFFFF, 0xFFFF, 0xFFFF, 0xFFFF, 0xFFFF, 0xFFFF, 0xFFFF, 0xFFFF, 0xFFFF, 0xFFFF, 0xC7FF, 0xC7FF,
 0xFFFF, 0xFFFF, 0xFFFF, 0xFFFF, 0xFFFF, 0xFFFF, 0xFFFF, 0xFFFF, 0xFFFF, 0xFFFF, 0xC7FF, 0xC7FF, 0xFFFF, 0xFFFF, 0xFFFF, 0xFFFF,
 0xFFFF, 0xFFFF, 0xFFFF, 0xFFFF, 0xFFFF, 0xFFFF, 0xFFFF, 0xFFFF, 0xFFFF, 0xFFFF, 0xFFFF, 0xFFFF, 0xC7FF, 0xC7FF, 0xFFFF, 0xFFFF,
 0xFFFF, 0xFFFF, 0xFFFF, 0xFFFF, 0xFFFF, 0xFFFF, 0xFFFF, 0xFFFF, 0xC7FF, 0xC7FF, 0xFFFF, 0xFFFF, 0xFFFF, 0xFFFF, 0xFFFF, 0xFFFF,
 0xFFFF, 0xFFFF, 0xFFFF, 0xFFFF, 0xFFFF, 0xFFFF, 0xFFFF, 0xFFFF, 0xFFFF, 0xFFFF, 0xC7FF, 0xC7FF, 0xFFFF, 0xFFFF, 0xFFFF, 0xFFFF,
 0xFFFF, 0xFFFF, 0xFFFF, 0xFFFF, 0xFFFF, 0xFFFF, 0xC7FF, 0xC7FF, 0xFFFF, 0xFFFF, 0xFFFF, 0xFFFF, 0xFFFF, 0xFFFF, 0xFFFF, 0xFFFF,

};


#endif /* __images_h */
